Order,Plaats,Frequentie,AantContainers,VolumePerContainer,LedigingsDuurMinuten,MatrixID,XCoordinaat,YCoordinaat,TotaalVolume
32245,DEURNE                        ,4PWK ,2,1100,6.25,861,57915494,514683088,2200
33666,MAARHEEZE                     ,3PWK ,8,1100,30,505,56371939,513033628,8800
31663,MAARHEEZE                     ,3PWK ,1,2500,11.56,261,56109320,513091667,2500
31661,MAARHEEZE                     ,3PWK ,1,5000,11.08,261,56109320,513091667,5000
31658,MAARHEEZE                     ,3PWK ,1,1100,13.7,261,56109320,513091667,1100
33306,AARLE RIXTEL                  ,2PWK ,1,1100,3.13,1,56828652,515043974,1100
33226,AARLE RIXTEL                  ,2PWK ,1,1100,3.13,0,56797126,515046826,1100
28546,AARLE RIXTEL                  ,2PWK ,1,2500,2.45,112,56351319,515119245,2500
31156,ASTEN                         ,2PWK ,2,1000,3.5,681,57468814,514022324,2000
29839,ASTEN                         ,2PWK ,2,5000,8.79,829,57460877,514151669,10000
28007,ASTEN                         ,2PWK ,1,1100,3.4,815,57548985,513987983,1100
5036,ASTEN                         ,2PWK ,1,1100,3.28,787,57465406,514056517,1100
1268,ASTEN                         ,2PWK ,1,5000,3.64,786,57465406,514056517,5000
1255,ASTEN                         ,2PWK ,1,1100,1.57,836,57466578,514090872,1100
205,ASTEN                         ,2PWK ,2,2500,6,825,57562786,514155936,5000
26079,BUDEL                         ,2PWK ,1,2500,5,427,55759716,512735695,2500
24120,BUDEL                         ,2PWK ,1,1100,3.5,359,55730742,512698822,1100
7953,BUDEL                         ,2PWK ,1,1100,1.93,349,55732956,512718142,1100
7740,BUDEL                         ,2PWK ,1,1100,1.72,397,55768490,512663439,1100
7308,BUDEL                         ,2PWK ,2,1100,5.35,365,55723666,512635389,2200
4763,BUDEL                         ,2PWK ,1,1100,2.29,302,55738253,512736037,1100
2306,BUDEL                         ,2PWK ,1,1100,1.32,388,55768490,512663439,1100
18,BUDEL                         ,2PWK ,1,1100,1.84,321,55749270,512744895,1100
31750,DEURNE                        ,2PWK ,1,2500,2,851,58043176,514567594,2500
14927,DEURNE                        ,2PWK ,2,5000,4.21,875,58064245,514365093,10000
33,DEURNE                        ,2PWK ,1,1100,3.7,912,57880874,514679426,1100
32079,HEUSDEN GEM ASTEN             ,2PWK ,1,1100,3.13,713,57456148,513852999,1100
1247,HEUSDEN GEM ASTEN             ,2PWK ,1,770,3,770,57641411,513836848,770
1246,HEUSDEN GEM ASTEN             ,2PWK ,1,770,2,770,57641411,513836848,770
27934,LIESHOUT                      ,2PWK ,2,770,4.26,9,55944813,515196371,1540
34762,MAARHEEZE                     ,2PWK ,1,5000,5.63,513,56362451,513199244,5000
33236,MAARHEEZE                     ,2PWK ,2,1100,6.25,285,56343016,513026712,2200
23728,MAARHEEZE                     ,2PWK ,1,2500,5.01,505,56371939,513033628,2500
6587,MAARHEEZE                     ,2PWK ,1,1100,2.18,281,56132713,513114693,1100
27932,MARIAHOUT                     ,2PWK ,1,770,1.86,88,55694466,515416748,770
34650,MIERLO                        ,2PWK ,2,1100,5.62,616,56251486,514410034,2200
34646,MIERLO                        ,2PWK ,1,5000,5.63,616,56251486,514410034,5000
26046,MIERLO                        ,2PWK ,1,2500,3.17,601,56187409,514433911,2500
23726,MIERLO                        ,2PWK ,1,1100,4.55,658,56254026,514405975,1100
15674,MIERLO                        ,2PWK ,1,5000,5.41,656,56313818,514528653,5000
2191,MIERLO                        ,2PWK ,1,5000,5,589,55944652,514361112,5000
2188,MIERLO                        ,2PWK ,11,5000,55,589,55944652,514361112,55000
32109,SOMEREN                       ,2PWK ,1,1100,3.13,1004,57328535,513559314,1100
21094,SOMEREN                       ,2PWK ,1,3000,2.43,1059,57428964,513370346,3000
2741,SOMEREN                       ,2PWK ,1,1100,2.19,1079,57373885,513613290,1100
7646,SOMEREN-EIND                  ,2PWK ,1,1100,1.46,981,57279824,513669394,1100
24306,STERKSEL                      ,2PWK ,1,1100,2,156,56250709,513603305,1100
7359,STERKSEL                      ,2PWK ,2,1100,4,156,56250709,513603305,2200
7357,STERKSEL                      ,2PWK ,4,660,7,156,56250709,513603305,2640
7355,STERKSEL                      ,2PWK ,2,1100,4,156,56250709,513603305,2200
34331,AARLE RIXTEL                  ,1PWK ,1,660,2.83,164,56382893,515098674,660
31485,AARLE RIXTEL                  ,1PWK ,1,1100,2.25,61,56266558,515000507,1100
25586,AARLE RIXTEL                  ,1PWK ,1,770,2.76,79,56465693,515073001,770
24590,AARLE RIXTEL                  ,1PWK ,1,1100,2.39,77,56397413,515102050,1100
23876,AARLE RIXTEL                  ,1PWK ,1,660,1.55,55,56563108,515187368,660
23862,AARLE RIXTEL                  ,1PWK ,1,660,1.55,106,56466666,515116249,660
6813,AARLE RIXTEL                  ,1PWK ,1,1100,1.64,153,56496977,515119386,1100
6094,AARLE RIXTEL                  ,1PWK ,1,1100,1.83,161,56299990,515109152,1100
5185,AARLE RIXTEL                  ,1PWK ,1,240,2.09,74,56399191,515102396,240
3115,AARLE RIXTEL                  ,1PWK ,1,660,1.33,113,56351319,515119245,660
1526,AARLE RIXTEL                  ,1PWK ,1,1100,2.34,162,56386799,515099598,1100
949,AARLE RIXTEL                  ,1PWK ,1,240,1.85,104,56487676,515117193,240
34504,ASTEN                         ,1PWK ,1,1100,3.12,837,57733174,514020299,1100
34050,ASTEN                         ,1PWK ,1,2500,5.1,746,57425197,514099993,2500
33954,ASTEN                         ,1PWK ,1,1100,3.13,704,57576572,514143898,1100
31961,ASTEN                         ,1PWK ,2,2500,10.19,752,57451727,514039973,5000
31904,ASTEN                         ,1PWK ,1,1100,3.13,742,57448518,514119630,1100
31900,ASTEN                         ,1PWK ,2,2500,10.19,741,57448518,514119630,5000
30825,ASTEN                         ,1PWK ,1,1000,2,681,57468814,514022324,1000
30383,ASTEN                         ,1PWK ,1,1100,2.64,830,57460877,514151669,1100
30242,ASTEN                         ,1PWK ,1,1100,0.86,703,57576572,514143898,1100
30149,ASTEN                         ,1PWK ,1,1000,6,794,57518867,514010303,1000
29893,ASTEN                         ,1PWK ,1,1100,2.75,785,57467250,514072739,1100
25465,ASTEN                         ,1PWK ,1,1100,1.8,782,57474172,514116147,1100
24322,ASTEN                         ,1PWK ,1,660,1.57,826,57533188,514165485,660
23852,ASTEN                         ,1PWK ,1,240,2,710,57528266,514127379,240
23621,ASTEN                         ,1PWK ,1,660,1,807,58541393,513760159,660
21300,ASTEN                         ,1PWK ,1,1100,2.71,784,57474172,514116147,1100
21297,ASTEN                         ,1PWK ,1,1100,1.55,823,57474842,514152798,1100
20419,ASTEN                         ,1PWK ,1,770,0.98,792,57511605,514054958,770
18009,ASTEN                         ,1PWK ,1,660,2.84,810,57447773,514127200,660
6912,ASTEN                         ,1PWK ,1,1100,1.25,705,57543850,514149380,1100
5791,ASTEN                         ,1PWK ,1,240,2.5,680,57383855,514087290,240
3134,ASTEN                         ,1PWK ,1,2500,4.79,766,57448400,514090850,2500
2939,ASTEN                         ,1PWK ,1,240,4.16,720,57476023,514039090,240
2714,ASTEN                         ,1PWK ,1,1100,2.09,793,57510182,514052415,1100
2516,ASTEN                         ,1PWK ,1,660,4.17,723,57474087,514055307,660
1957,ASTEN                         ,1PWK ,1,1100,1.82,820,57522823,514154948,1100
1280,ASTEN                         ,1PWK ,1,1100,2.6,781,57474172,514116147,1100
1278,ASTEN                         ,1PWK ,1,660,3.54,754,57451727,514039973,660
1273,ASTEN                         ,1PWK ,1,240,2.4,721,57474064,514041910,240
1272,ASTEN                         ,1PWK ,1,1100,3.32,828,57439208,514029431,1100
1269,ASTEN                         ,1PWK ,1,660,2.44,780,57474172,514116147,660
1267,ASTEN                         ,1PWK ,1,660,2.69,834,57448400,514090850,660
1264,ASTEN                         ,1PWK ,1,660,1.78,745,57440615,514099931,660
1254,ASTEN                         ,1PWK ,2,660,5,767,57448400,514090850,1320
851,ASTEN                         ,1PWK ,1,660,3,700,57472886,514036004,660
256,ASTEN                         ,1PWK ,1,240,3,818,57503755,514157545,240
204,ASTEN                         ,1PWK ,1,240,4,825,57562786,514155936,240
203,ASTEN                         ,1PWK ,15,240,18,825,57562786,514155936,3600
32776,BAKEL                         ,1PWK ,1,770,2.82,119,57408083,515018470,770
29598,BAKEL                         ,1PWK ,1,1100,1.5,118,57165456,515061407,1100
9490,BAKEL                         ,1PWK ,1,660,1.71,125,57332032,514978468,660
7226,BAKEL                         ,1PWK ,1,1100,2.05,51,57471224,515031656,1100
32952,BEEK EN DONK                  ,1PWK ,1,660,2,141,56288712,515418378,660
29973,BEEK EN DONK                  ,1PWK ,1,660,2.23,143,56426474,515233781,660
28987,BEEK EN DONK                  ,1PWK ,1,1100,3.12,142,56288712,515418378,1100
23982,BEEK EN DONK                  ,1PWK ,1,660,2.87,64,56297612,515382092,660
19950,BEEK EN DONK                  ,1PWK ,1,1100,1,99,56334409,515445511,1100
15093,BEEK EN DONK                  ,1PWK ,1,660,2.09,82,56336713,515454501,660
8669,BEEK EN DONK                  ,1PWK ,1,2500,2.38,139,56288712,515418378,2500
7205,BEEK EN DONK                  ,1PWK ,1,1100,1.79,66,56297612,515382092,1100
5298,BEEK EN DONK                  ,1PWK ,2,1100,2.45,73,56343381,515286138,2200
4721,BEEK EN DONK                  ,1PWK ,1,240,1,152,56272812,515376518,240
2340,BEEK EN DONK                  ,1PWK ,1,1100,1.38,84,56338131,515460033,1100
951,BEEK EN DONK                  ,1PWK ,1,660,2.11,67,56300423,515381939,660
696,BEEK EN DONK                  ,1PWK ,1,240,1.62,70,56331410,515291395,240
597,BEEK EN DONK                  ,1PWK ,1,240,1.93,60,56326501,515319829,240
34910,BUDEL                         ,1PWK ,1,1100,3.12,425,55756295,512738298,1100
34679,BUDEL                         ,1PWK ,1,1100,3.12,307,55740017,512723100,1100
34219,BUDEL                         ,1PWK ,1,240,2.4,463,55706327,512635174,240
32702,BUDEL                         ,1PWK ,1,240,1.67,347,55732956,512718142,240
31279,BUDEL                         ,1PWK ,5,240,3.86,348,55732956,512718142,1200
30968,BUDEL                         ,1PWK ,1,770,3.72,329,55988564,512621843,770
30875,BUDEL                         ,1PWK ,1,1100,3.18,174,55879782,512565279,1100
29895,BUDEL                         ,1PWK ,3,240,2.89,296,55986554,512619815,720
29509,BUDEL                         ,1PWK ,1,240,1.29,380,55778881,512725257,240
28819,BUDEL                         ,1PWK ,1,660,1.66,350,55733169,512720364,660
27613,BUDEL                         ,1PWK ,1,660,2.07,299,55738253,512736037,660
26054,BUDEL                         ,1PWK ,1,3000,8,406,55805777,512645048,3000
24162,BUDEL                         ,1PWK ,1,240,2.2,298,55738253,512736037,240
22342,BUDEL                         ,1PWK ,4,660,2.33,327,55832309,512682181,2640
21807,BUDEL                         ,1PWK ,1,1100,2.52,334,56003022,512570718,1100
21701,BUDEL                         ,1PWK ,1,1100,1.58,215,55956402,512621287,1100
20621,BUDEL                         ,1PWK ,1,240,1.08,338,55993930,512596465,240
17907,BUDEL                         ,1PWK ,3,240,2.46,522,55673202,512658858,720
15458,BUDEL                         ,1PWK ,1,660,1,339,55766409,512735769,660
15142,BUDEL                         ,1PWK ,1,1100,2.37,391,55768490,512663439,1100
8244,BUDEL                         ,1PWK ,2,1100,3.33,516,55688002,512776090,2200
8141,BUDEL                         ,1PWK ,1,1100,2.87,361,55732956,512718142,1100
7300,BUDEL                         ,1PWK ,1,660,1.67,412,55811560,512649429,660
7211,BUDEL                         ,1PWK ,1,1100,1,351,55732956,512718142,1100
6925,BUDEL                         ,1PWK ,1,1100,2.93,348,55732956,512718142,1100
6888,BUDEL                         ,1PWK ,1,1100,1.47,394,55768490,512663439,1100
6887,BUDEL                         ,1PWK ,1,2500,3.16,437,55813789,512867419,2500
6865,BUDEL                         ,1PWK ,2,770,5.62,325,55836391,512679827,1540
6809,BUDEL                         ,1PWK ,1,660,1,312,55712523,512744033,660
6359,BUDEL                         ,1PWK ,1,240,2.28,468,55469329,512760325,240
5017,BUDEL                         ,1PWK ,1,240,2,305,55738253,512736037,240
5010,BUDEL                         ,1PWK ,1,660,2.46,319,55749270,512744895,660
5009,BUDEL                         ,1PWK ,1,240,1.35,358,55732956,512718142,240
5006,BUDEL                         ,1PWK ,1,240,1,301,55738253,512736037,240
5005,BUDEL                         ,1PWK ,1,240,1,343,55766409,512735769,240
4994,BUDEL                         ,1PWK ,1,240,1.12,452,55775702,512754138,240
4992,BUDEL                         ,1PWK ,1,660,1.59,544,55809144,512771096,660
4844,BUDEL                         ,1PWK ,1,1100,3.28,323,55749270,512744895,1100
4838,BUDEL                         ,1PWK ,1,660,2.67,430,55724513,512631865,660
2539,BUDEL                         ,1PWK ,1,660,3.57,352,55732956,512718142,660
2316,BUDEL                         ,1PWK ,1,240,0.99,381,55778188,512725841,240
1995,BUDEL                         ,1PWK ,1,770,2.82,175,55879782,512565279,770
1959,BUDEL                         ,1PWK ,1,240,1.7,519,55632729,512679441,240
1888,BUDEL                         ,1PWK ,1,240,2.95,173,55879782,512565279,240
1805,BUDEL                         ,1PWK ,1,1100,1.88,389,55768490,512663439,1100
1764,BUDEL                         ,1PWK ,1,1100,1.69,392,55768490,512663439,1100
1760,BUDEL                         ,1PWK ,3,240,3.29,324,55833797,512650254,720
1755,BUDEL                         ,1PWK ,1,1100,1,387,55768490,512663439,1100
1734,BUDEL                         ,1PWK ,1,660,1.42,398,55768490,512663439,660
1727,BUDEL                         ,1PWK ,1,1100,1.66,397,55768490,512663439,1100
1663,BUDEL                         ,1PWK ,1,660,2.3,435,55820280,512849789,660
895,BUDEL                         ,1PWK ,1,660,1.04,342,55766409,512735769,660
576,BUDEL                         ,1PWK ,1,5000,3.08,294,55981709,512615673,5000
122,BUDEL                         ,1PWK ,1,1100,2.03,169,55718302,512652154,1100
24125,BUDEL-SCHOOT                  ,1PWK ,1,660,1.63,549,55653205,512480863,660
7541,BUDEL-SCHOOT                  ,1PWK ,1,1100,2,364,55658565,512519344,1100
5351,BUDEL-SCHOOT                  ,1PWK ,1,240,2.38,560,55677179,512570126,240
5011,BUDEL-SCHOOT                  ,1PWK ,1,240,1.33,551,55656503,512488884,240
2697,BUDEL-SCHOOT                  ,1PWK ,1,1100,1.54,444,55661065,512503377,1100
1826,BUDEL-SCHOOT                  ,1PWK ,1,2500,5,547,55691171,512480641,2500
7867,DE RIPS                       ,1PWK ,1,1100,1.56,122,58130295,515474194,1100
33951,DEURNE                        ,1PWK ,1,1100,3.13,903,58011372,514500728,1100
33513,DEURNE                        ,1PWK ,1,2500,5.1,846,58100223,514855240,2500
31833,DEURNE                        ,1PWK ,2,1100,4,869,57704031,514468024,2200
29399,DEURNE                        ,1PWK ,1,2500,4.5,840,57711717,514748873,2500
29398,DEURNE                        ,1PWK ,1,5000,2.5,840,57711717,514748873,5000
27158,DEURNE                        ,1PWK ,1,1100,3.29,858,57892516,514562563,1100
25704,DEURNE                        ,1PWK ,1,1100,2.12,897,57949050,514620352,1100
25543,DEURNE                        ,1PWK ,1,1100,2.52,924,57990697,514471076,1100
19441,DEURNE                        ,1PWK ,1,1100,3,907,57924953,514517744,1100
19168,DEURNE                        ,1PWK ,1,770,7.44,905,57951235,514638623,770
8435,DEURNE                        ,1PWK ,1,1100,3.22,909,57986492,514625535,1100
7184,DEURNE                        ,1PWK ,1,1100,5,902,57922114,514628320,1100
6274,DEURNE                        ,1PWK ,1,240,7,906,57951235,514638623,240
5296,DEURNE                        ,1PWK ,1,3000,3.2,852,57830273,514623264,3000
4576,DEURNE                        ,1PWK ,1,1100,1.58,867,57717831,514645180,1100
4359,DEURNE                        ,1PWK ,2,660,4.12,904,57951235,514638623,1320
2511,DEURNE                        ,1PWK ,1,1100,1.6,855,57808963,514613607,1100
2346,DEURNE                        ,1PWK ,1,1100,2.72,913,57781957,514658502,1100
121,DEURNE                        ,1PWK ,1,660,1,868,57717831,514645180,660
29250,GASTEL                        ,1PWK ,1,1100,1.61,197,55545341,512845249,1100
4772,GASTEL                        ,1PWK ,1,1000,2,196,55540199,512843018,1000
34111,GRIENDTSVEEN                  ,1PWK ,1,1100,3.13,587,58810117,514416739,1100
34684,HELENAVEEN                    ,1PWK ,1,5000,5.63,932,58912399,513792286,5000
32681,HELENAVEEN                    ,1PWK ,1,5000,5.63,899,59217110,513938866,5000
32096,HEUSDEN GEM ASTEN             ,1PWK ,1,1100,3.13,696,57679378,513811429,1100
31801,HEUSDEN GEM ASTEN             ,1PWK ,1,1100,3.13,798,57723653,513768440,1100
18887,HEUSDEN GEM ASTEN             ,1PWK ,1,770,2.5,770,57641411,513836848,770
2241,HEUSDEN GEM ASTEN             ,1PWK ,1,660,2.27,715,57456148,513852999,660
1241,HEUSDEN GEM ASTEN             ,1PWK ,1,1100,3,799,57750369,513761017,1100
34374,LIEROP                        ,1PWK ,1,1100,3.12,958,56531278,514371488,1100
33840,LIEROP                        ,1PWK ,1,1100,3.13,962,56865876,514293245,1100
33781,LIEROP                        ,1PWK ,1,1100,3.13,1075,56912229,514334743,1100
31483,LIEROP                        ,1PWK ,1,660,2.5,1071,56787256,513982623,660
30657,LIEROP                        ,1PWK ,1,1100,1.75,1063,56820742,514213042,1100
7791,LIEROP                        ,1PWK ,1,1100,1.5,1065,56820350,514199931,1100
1213,LIEROP                        ,1PWK ,1,240,5.13,960,56807137,514214915,240
1174,LIEROP                        ,1PWK ,1,660,1.33,963,56826502,514286557,660
33839,LIESHOUT                      ,1PWK ,1,660,2.84,26,55980011,515324939,660
21064,LIESHOUT                      ,1PWK ,1,240,1,14,55928772,515179963,240
3329,LIESHOUT                      ,1PWK ,1,1100,2.66,7,55962628,515198859,1100
843,LIESHOUT                      ,1PWK ,1,240,2.66,10,55890671,515205347,240
810,LIESHOUT                      ,1PWK ,1,770,2.21,15,55962628,515198859,770
32711,LIESSEL                       ,1PWK ,1,770,2.82,885,58044995,514075058,770
5297,LIESSEL                       ,1PWK ,1,3000,2.87,889,58184273,514155222,3000
34672,MAARHEEZE                     ,1PWK ,1,770,2.82,291,56371939,513033628,770
34458,MAARHEEZE                     ,1PWK ,1,660,2.83,231,56071576,513090749,660
33532,MAARHEEZE                     ,1PWK ,1,660,2.84,283,56132713,513114693,660
33346,MAARHEEZE                     ,1PWK ,1,1100,3.13,286,56343016,513026712,1100
32809,MAARHEEZE                     ,1PWK ,1,1100,1.67,253,56129835,513099493,1100
31267,MAARHEEZE                     ,1PWK ,1,660,0.56,250,56151535,513098100,660
31020,MAARHEEZE                     ,1PWK ,2,1100,2.14,292,56343016,513026712,2200
29032,MAARHEEZE                     ,1PWK ,1,3000,3.56,481,56295706,513089704,3000
28899,MAARHEEZE                     ,1PWK ,2,2500,10.07,285,56343016,513026712,5000
26836,MAARHEEZE                     ,1PWK ,1,1100,2.1,483,56295706,513089704,1100
25213,MAARHEEZE                     ,1PWK ,1,1100,1.28,498,56295706,513089704,1100
25188,MAARHEEZE                     ,1PWK ,1,240,1,288,56343016,513026712,240
24043,MAARHEEZE                     ,1PWK ,1,660,1.88,500,56295706,513089704,660
19836,MAARHEEZE                     ,1PWK ,2,240,1.33,249,56151535,513098100,480
18872,MAARHEEZE                     ,1PWK ,1,660,2,224,56113773,513135641,660
15074,MAARHEEZE                     ,1PWK ,2,1100,3.22,486,56295706,513089704,2200
8418,MAARHEEZE                     ,1PWK ,1,1100,1,280,56132713,513114693,1100
7774,MAARHEEZE                     ,1PWK ,1,2500,5,286,56343016,513026712,2500
7772,MAARHEEZE                     ,1PWK ,2,1100,1.89,286,56343016,513026712,2200
7309,MAARHEEZE                     ,1PWK ,1,1100,13.02,224,56113773,513135641,1100
6771,MAARHEEZE                     ,1PWK ,1,660,3.64,472,56295706,513089704,660
5226,MAARHEEZE                     ,1PWK ,1,240,2.53,345,56314537,513151506,240
4851,MAARHEEZE                     ,1PWK ,1,1100,2,257,56116733,513084815,1100
4842,MAARHEEZE                     ,1PWK ,1,660,1,291,56371939,513033628,660
4823,MAARHEEZE                     ,1PWK ,1,240,3.17,241,56219241,513102353,240
4800,MAARHEEZE                     ,1PWK ,1,660,2,279,56132713,513114693,660
4524,MAARHEEZE                     ,1PWK ,1,2500,2.57,180,55896560,513265973,2500
4235,MAARHEEZE                     ,1PWK ,1,660,1.57,225,56110856,513134501,660
3223,MAARHEEZE                     ,1PWK ,1,1100,4,292,56343016,513026712,1100
3140,MAARHEEZE                     ,1PWK ,1,660,1.3,251,56151535,513098100,660
2839,MAARHEEZE                     ,1PWK ,1,240,1,291,56371939,513033628,240
2836,MAARHEEZE                     ,1PWK ,1,1100,1.31,289,56343016,513026712,1100
2100,MAARHEEZE                     ,1PWK ,1,660,3.06,227,56110856,513134501,660
1594,MAARHEEZE                     ,1PWK ,1,240,1.24,293,56371939,513033628,240
892,MAARHEEZE                     ,1PWK ,1,240,4.14,178,56111208,513103227,240
603,MAARHEEZE                     ,1PWK ,1,2500,2.88,251,56151535,513098100,2500
363,MAARHEEZE                     ,1PWK ,1,1100,2,287,56343016,513026712,1100
358,MAARHEEZE                     ,1PWK ,1,660,1,287,56343016,513026712,660
33318,MARIAHOUT                     ,1PWK ,1,660,2.84,6,55706238,515409371,660
33976,MIERLO                        ,1PWK ,1,2500,5.1,648,56237664,514468536,2500
31188,MIERLO                        ,1PWK ,1,5000,6,632,56192428,514387856,5000
30815,MIERLO                        ,1PWK ,1,660,1,647,56219321,514462867,660
30814,MIERLO                        ,1PWK ,1,3000,3.46,646,56219321,514462867,3000
28061,MIERLO                        ,1PWK ,1,1100,2.36,672,56151711,514456558,1100
25920,MIERLO                        ,1PWK ,1,1100,3.47,655,56115679,514436443,1100
25776,MIERLO                        ,1PWK ,1,660,1.67,649,56219321,514462867,660
25248,MIERLO                        ,1PWK ,1,1100,1.5,660,56035364,514479174,1100
24180,MIERLO                        ,1PWK ,1,770,1.44,614,56098077,514403784,770
23795,MIERLO                        ,1PWK ,1,1100,1.45,666,56148214,514471962,1100
19375,MIERLO                        ,1PWK ,1,3000,3,656,56313818,514528653,3000
8234,MIERLO                        ,1PWK ,1,1100,1.5,626,56301565,514469062,1100
8201,MIERLO                        ,1PWK ,1,1100,2,604,56255323,514422893,1100
7730,MIERLO                        ,1PWK ,1,1100,3.14,631,56203440,514380486,1100
7477,MIERLO                        ,1PWK ,1,660,1.5,615,56249605,514407039,660
7315,MIERLO                        ,1PWK ,1,770,2.82,633,56203440,514380486,770
7314,MIERLO                        ,1PWK ,1,660,2.98,603,56187409,514433911,660
7237,MIERLO                        ,1PWK ,1,1100,19.07,606,56192566,514423267,1100
7072,MIERLO                        ,1PWK ,1,1100,2.5,645,56219321,514462867,1100
7011,MIERLO                        ,1PWK ,1,2500,3.5,632,56192428,514387856,2500
6248,MIERLO                        ,1PWK ,1,240,1.5,607,56192566,514423267,240
5303,MIERLO                        ,1PWK ,1,1000,1.45,667,56148214,514471962,1000
5264,MIERLO                        ,1PWK ,1,770,2.82,633,56203440,514380486,770
2740,MIERLO                        ,1PWK ,1,1100,15.46,611,56169629,514415268,1100
2212,MIERLO                        ,1PWK ,1,660,1.56,668,56148214,514471962,660
1155,MIERLO                        ,1PWK ,1,1100,2,634,56203440,514380486,1100
1067,MIERLO                        ,1PWK ,1,240,1.4,657,56250197,514369591,240
449,MIERLO                        ,1PWK ,1,1100,2.79,593,56140044,514447748,1100
18283,NEERKANT                      ,1PWK ,1,1100,1.44,929,58655308,513660095,1100
753,NEERKANT                      ,1PWK ,1,1100,1.43,864,58610404,513688285,1100
34878,SOERENDONK                    ,1PWK ,1,2500,5.09,210,55739681,512963242,2500
33849,SOERENDONK                    ,1PWK ,1,1100,3.13,181,55904761,513079949,1100
33024,SOERENDONK                    ,1PWK ,1,1100,7.28,210,55739681,512963242,1100
20690,SOERENDONK                    ,1PWK ,1,1100,3.13,202,55885334,513036583,1100
15272,SOERENDONK                    ,1PWK ,1,660,2.75,272,55817686,513052828,660
8413,SOERENDONK                    ,1PWK ,1,2500,2.75,186,55732337,513005525,2500
8211,SOERENDONK                    ,1PWK ,2,1100,3.47,535,55728945,513034636,2200
7941,SOERENDONK                    ,1PWK ,1,660,4.27,203,55885334,513036583,660
7161,SOERENDONK                    ,1PWK ,2,1100,10,504,55911524,513110766,2200
7104,SOERENDONK                    ,1PWK ,1,1100,1.47,308,55734602,513023563,1100
3018,SOERENDONK                    ,1PWK ,1,1100,12.46,182,55781698,513055625,1100
1625,SOERENDONK                    ,1PWK ,1,1100,3,273,55817686,513052828,1100
325,SOERENDONK                    ,1PWK ,1,770,1.6,185,55732337,513005525,770
34814,SOMEREN                       ,1PWK ,1,1100,3.12,1046,56777825,513586629,1100
33104,SOMEREN                       ,1PWK ,1,1100,3.13,1034,56938079,513360937,1100
32895,SOMEREN                       ,1PWK ,1,660,2.84,989,57070533,513678728,660
31441,SOMEREN                       ,1PWK ,1,1100,3,940,57186528,513785497,1100
31152,SOMEREN                       ,1PWK ,1,1100,1.75,1019,57212037,513571520,1100
31151,SOMEREN                       ,1PWK ,1,1100,2.2,936,56981097,513513422,1100
30824,SOMEREN                       ,1PWK ,1,660,2.5,1037,57057246,513551570,660
24047,SOMEREN                       ,1PWK ,1,1100,3.77,1060,57425256,513459534,1100
23890,SOMEREN                       ,1PWK ,1,1100,2.2,979,57279824,513669394,1100
23880,SOMEREN                       ,1PWK ,1,660,1.95,1012,57356327,513549032,660
18837,SOMEREN                       ,1PWK ,1,240,1.67,1070,57159545,513779717,240
17665,SOMEREN                       ,1PWK ,1,240,2.39,999,57357891,513579183,240
15911,SOMEREN                       ,1PWK ,1,1100,9.25,1016,56960518,513505391,1100
8584,SOMEREN                       ,1PWK ,1,2500,3.14,1081,57387299,513631809,2500
7979,SOMEREN                       ,1PWK ,1,1100,3.44,938,57186528,513785497,1100
7694,SOMEREN                       ,1PWK ,1,3000,3.29,1080,57375883,513616048,3000
7505,SOMEREN                       ,1PWK ,1,660,2.38,948,57327085,513622185,660
7424,SOMEREN                       ,1PWK ,1,770,2.87,1010,57304212,513564900,770
7374,SOMEREN                       ,1PWK ,1,660,2.96,978,57279824,513669394,660
7137,SOMEREN                       ,1PWK ,1,660,3.12,937,57186528,513785497,660
7070,SOMEREN                       ,1PWK ,1,770,2.71,998,57364826,513571595,770
1223,SOMEREN                       ,1PWK ,1,3000,10,973,56910357,513794837,3000
733,SOMEREN                       ,1PWK ,1,660,3.04,971,57102446,513785262,660
701,SOMEREN                       ,1PWK ,1,660,2.33,945,57320803,513631968,660
508,SOMEREN                       ,1PWK ,1,660,1.67,950,57323944,513627076,660
162,SOMEREN                       ,1PWK ,1,1100,4,970,57039137,513838019,1100
24389,SOMEREN-EIND                  ,1PWK ,1,1100,1.71,1006,57328535,513559314,1100
8233,SOMEREN-EIND                  ,1PWK ,1,1100,1.69,943,57242980,513743425,1100
8188,SOMEREN-EIND                  ,1PWK ,1,660,5,1002,57351485,513586310,660
7980,SOMEREN-EIND                  ,1PWK ,1,1100,1.57,1038,57055223,513549911,1100
7083,SOMEREN-EIND                  ,1PWK ,1,1100,3,1095,57389864,513536923,1100
7009,SOMEREN-EIND                  ,1PWK ,1,660,0.89,994,57352532,513642479,660
1731,SOMEREN-EIND                  ,1PWK ,1,660,2.55,1001,57363707,513572819,660
1669,SOMEREN-EIND                  ,1PWK ,1,660,2.37,1009,57322025,513552927,660
29626,SOMEREN-HEIDE                 ,1PWK ,1,240,1,968,56741912,513762062,240
19000,SOMEREN-HEIDE                 ,1PWK ,1,1100,1.75,1043,56930882,513289704,1100
7753,SOMEREN-HEIDE                 ,1PWK ,1,1100,2.43,1018,56960518,513505391,1100
32538,STERKSEL                      ,1PWK ,1,1100,4.07,34,56289036,513435817,1100
27189,STERKSEL                      ,1PWK ,1,3000,6.24,157,56381569,513544292,3000
26248,STERKSEL                      ,1PWK ,1,1100,2,156,56250709,513603305,1100
16960,STERKSEL                      ,1PWK ,1,1100,2,156,56250709,513603305,1100
7814,STERKSEL                      ,1PWK ,1,660,1.5,102,56167503,513525558,660
7373,STERKSEL                      ,1PWK ,1,660,1,156,56250709,513603305,660
7372,STERKSEL                      ,1PWK ,1,660,2,156,56250709,513603305,660
7371,STERKSEL                      ,1PWK ,1,1100,2,156,56250709,513603305,1100
7370,STERKSEL                      ,1PWK ,1,1100,2,156,56250709,513603305,1100
7365,STERKSEL                      ,1PWK ,4,1100,8,156,56250709,513603305,4400
32985,AARLE RIXTEL                  ,1PWK,1,2500,5.1,114,56691043,515118330,2500
32950,AARLE RIXTEL                  ,1PWK,1,1100,3.13,81,56489943,515168143,1100
26763,AARLE RIXTEL                  ,1PWK,1,1100,2.38,75,56397413,515102050,1100
25505,AARLE RIXTEL                  ,1PWK,1,660,2.05,108,56383358,515085415,660
24164,AARLE RIXTEL                  ,1PWK,1,240,1.97,163,56389142,515100152,240
21839,AARLE RIXTEL                  ,1PWK,1,660,1.75,107,56466666,515116249,660
19770,AARLE RIXTEL                  ,1PWK,1,1100,2.81,109,56431523,515061836,1100
8409,AARLE RIXTEL                  ,1PWK,1,660,2.19,111,56357593,515091919,660
7706,AARLE RIXTEL                  ,1PWK,1,1100,1,52,56458187,515042843,1100
5762,AARLE RIXTEL                  ,1PWK,1,660,2,105,56466666,515116249,660
4881,AARLE RIXTEL                  ,1PWK,1,660,1.67,80,56489943,515168143,660
1139,AARLE RIXTEL                  ,1PWK,1,1100,2.41,110,56308261,515093428,1100
1008,AARLE RIXTEL                  ,1PWK,1,1100,1.33,115,56691043,515118330,1100
984,AARLE RIXTEL                  ,1PWK,1,1100,1.6,76,56397413,515102050,1100
959,AARLE RIXTEL                  ,1PWK,1,1100,3.5,57,56563108,515187368,1100
958,AARLE RIXTEL                  ,1PWK,1,1100,1.8,56,56563108,515187368,1100
950,AARLE RIXTEL                  ,1PWK,1,1100,1,103,56427485,515078144,1100
948,AARLE RIXTEL                  ,1PWK,1,240,1,103,56427485,515078144,240
947,AARLE RIXTEL                  ,1PWK,1,1100,1.17,50,56809310,515262140,1100
927,AARLE RIXTEL                  ,1PWK,1,660,2.83,116,56691043,515118330,660
890,AARLE RIXTEL                  ,1PWK,1,1100,2.17,54,56563108,515187368,1100
846,AARLE RIXTEL                  ,1PWK,1,240,1,78,56397413,515102050,240
658,AARLE RIXTEL                  ,1PWK,1,1100,2.75,117,56691043,515118330,1100
34366,ASTEN                         ,1PWK,1,240,2.4,719,57469361,514048677,240
33985,ASTEN                         ,1PWK,1,660,2.84,759,57429462,514072864,660
33926,ASTEN                         ,1PWK,1,660,2.84,756,57465827,514052611,660
33827,ASTEN                         ,1PWK,1,3000,5.15,718,57271082,513963966,3000
33162,ASTEN                         ,1PWK,1,240,2.4,724,57451727,514039973,240
32973,ASTEN                         ,1PWK,1,240,2.4,768,57448400,514090850,240
32864,ASTEN                         ,1PWK,1,660,2.84,836,57466578,514090872,660
31136,ASTEN                         ,1PWK,1,660,1,709,57496736,514138520,660
30365,ASTEN                         ,1PWK,1,1100,4.92,758,57455329,514036348,1100
30089,ASTEN                         ,1PWK,1,1100,3,836,57466578,514090872,1100
29885,ASTEN                         ,1PWK,1,240,2.57,683,57495065,514030508,240
29246,ASTEN                         ,1PWK,1,1100,1.55,817,57505526,514161368,1100
29204,ASTEN                         ,1PWK,1,660,2.36,706,57543850,514149380,660
28702,ASTEN                         ,1PWK,1,660,1,735,58393872,513892888,660
28517,ASTEN                         ,1PWK,1,1100,1.61,726,57495412,514164805,1100
26862,ASTEN                         ,1PWK,1,660,1,753,57441046,514033918,660
26706,ASTEN                         ,1PWK,1,140,2.4,757,57465827,514052611,140
26401,ASTEN                         ,1PWK,1,1100,3.65,688,57511518,514029158,1100
26190,ASTEN                         ,1PWK,1,660,6.25,682,57495065,514030508,660
26070,ASTEN                         ,1PWK,1,1100,5.07,748,57342358,514015930,1100
25745,ASTEN                         ,1PWK,1,660,6.27,1022,56996082,513507723,660
25082,ASTEN                         ,1PWK,1,1100,2,819,57522823,514154948,1100
24461,ASTEN                         ,1PWK,1,660,1.79,738,57448518,514119630,660
24449,ASTEN                         ,1PWK,1,660,3.25,726,57495412,514164805,660
24358,ASTEN                         ,1PWK,1,660,1.5,835,57466578,514090872,660
24295,ASTEN                         ,1PWK,1,660,3.81,755,57465827,514052611,660
24294,ASTEN                         ,1PWK,1,660,2,739,57448518,514119630,660
24046,ASTEN                         ,1PWK,1,1100,2.77,744,57448324,514099900,1100
24044,ASTEN                         ,1PWK,1,1100,3.38,744,57448324,514099900,1100
23702,ASTEN                         ,1PWK,1,1100,2,763,57263675,514093298,1100
22771,ASTEN                         ,1PWK,1,240,2.4,821,57490218,514164314,240
22147,ASTEN                         ,1PWK,1,1100,2,783,57474172,514116147,1100
20963,ASTEN                         ,1PWK,1,240,3,740,57448518,514119630,240
20457,ASTEN                         ,1PWK,1,2500,3.7,731,57623876,514135824,2500
20453,ASTEN                         ,1PWK,1,1100,3,731,57623876,514135824,1100
20255,ASTEN                         ,1PWK,1,240,5.5,832,57438319,514048144,240
18006,ASTEN                         ,1PWK,1,660,1.78,810,57447773,514127200,660
17541,ASTEN                         ,1PWK,1,660,1.8,747,57425197,514099993,660
16326,ASTEN                         ,1PWK,1,1100,3.02,708,57496736,514138520,1100
15265,ASTEN                         ,1PWK,1,660,2.84,838,57367529,514067595,660
15168,ASTEN                         ,1PWK,1,1100,2.73,728,57498607,514172242,1100
8497,ASTEN                         ,1PWK,1,660,24.69,750,57416531,514012213,660
8333,ASTEN                         ,1PWK,1,1100,1.25,813,57884065,513962256,1100
8331,ASTEN                         ,1PWK,1,660,3,779,57474172,514116147,660
6654,ASTEN                         ,1PWK,1,240,3,694,57480240,514036357,240
6360,ASTEN                         ,1PWK,1,660,4,833,57435981,514049446,660
6139,ASTEN                         ,1PWK,1,1100,1,760,57317188,514112196,1100
5793,ASTEN                         ,1PWK,1,1100,2.37,749,57392174,513994901,1100
5679,ASTEN                         ,1PWK,1,1100,2.98,736,57448518,514119630,1100
5344,ASTEN                         ,1PWK,1,1100,2.48,734,58393872,513892888,1100
4618,ASTEN                         ,1PWK,1,660,1.98,701,57472886,514036004,660
4367,ASTEN                         ,1PWK,1,1100,1.6,704,57576572,514143898,1100
4358,ASTEN                         ,1PWK,1,1100,3,761,57317188,514112196,1100
3357,ASTEN                         ,1PWK,1,660,1.64,827,57386110,514059845,660
3322,ASTEN                         ,1PWK,1,660,1.67,732,58281003,513898207,660
3045,ASTEN                         ,1PWK,1,660,1.33,677,57632947,514020320,660
2728,ASTEN                         ,1PWK,1,660,2.32,679,57372992,514081637,660
2094,ASTEN                         ,1PWK,1,2500,4.25,822,57480608,514157116,2500
1924,ASTEN                         ,1PWK,1,660,5.06,727,57495412,514164805,660
1603,ASTEN                         ,1PWK,1,1100,5.22,788,57839073,514000580,1100
1590,ASTEN                         ,1PWK,1,5000,10,678,57628802,514020382,5000
1506,ASTEN                         ,1PWK,2,240,7.57,722,57467206,514051779,480
1335,ASTEN                         ,1PWK,1,660,2,693,57459717,513975723,660
1334,ASTEN                         ,1PWK,1,770,2.68,765,57448400,514090850,770
1332,ASTEN                         ,1PWK,1,660,2.14,730,57458650,514020256,660
1331,ASTEN                         ,1PWK,1,1000,2,816,58458540,513683397,1000
1312,ASTEN                         ,1PWK,1,240,2.4,725,57451727,514039973,240
1256,ASTEN                         ,1PWK,1,1100,2.4,737,57448518,514119630,1100
1211,ASTEN                         ,1PWK,1,240,5.57,698,57474160,514036070,240
1179,ASTEN                         ,1PWK,1,660,1,808,58541393,513760159,660
1083,ASTEN                         ,1PWK,1,660,2.74,778,57521871,514071708,660
1066,ASTEN                         ,1PWK,1,660,2.5,836,57466578,514090872,660
1018,ASTEN                         ,1PWK,1,1100,2,824,57833454,513897327,1100
933,ASTEN                         ,1PWK,1,240,2,699,57473523,514036037,240
891,ASTEN                         ,1PWK,1,1100,2.74,764,57448400,514090850,1100
853,ASTEN                         ,1PWK,1,1100,1,762,57317188,514112196,1100
836,ASTEN                         ,1PWK,1,240,4,687,57591994,513962233,240
804,ASTEN                         ,1PWK,1,240,1,729,57360738,514018771,240
785,ASTEN                         ,1PWK,1,660,1,743,57432906,514099962,660
751,ASTEN                         ,1PWK,1,660,3,707,57546194,514077444,660
697,ASTEN                         ,1PWK,1,660,1.61,751,57416531,514012213,660
19186,BAKEL                         ,1PWK,1,660,1.67,62,57408854,515050352,660
8444,BAKEL                         ,1PWK,1,660,1.5,124,57438342,515006091,660
34825,BEEK EN DONK                  ,1PWK,1,1100,3.12,47,56153306,515404636,1100
34389,BEEK EN DONK                  ,1PWK,1,2500,5.09,86,56319581,515391862,2500
34197,BEEK EN DONK                  ,1PWK,1,660,2.83,134,56107412,515419974,660
33953,BEEK EN DONK                  ,1PWK,1,660,2.84,100,56334409,515445511,660
33740,BEEK EN DONK                  ,1PWK,1,1100,3.13,148,56444333,515212320,1100
33003,BEEK EN DONK                  ,1PWK,1,660,2.84,46,56141832,515408470,660
32949,BEEK EN DONK                  ,1PWK,1,1100,3.13,45,56130359,515412305,1100
32746,BEEK EN DONK                  ,1PWK,1,660,4.02,98,56347986,515441056,660
31905,BEEK EN DONK                  ,1PWK,1,660,2.98,72,56343453,515290595,660
31189,BEEK EN DONK                  ,1PWK,1,1100,2,44,56118885,515416139,1100
31051,BEEK EN DONK                  ,1PWK,1,1100,2,53,56192547,515539852,1100
31047,BEEK EN DONK                  ,1PWK,1,240,1,147,56444333,515212320,240
30934,BEEK EN DONK                  ,1PWK,1,1100,1,59,56252831,515288398,1100
30758,BEEK EN DONK                  ,1PWK,1,660,1,144,56444333,515212320,660
30243,BEEK EN DONK                  ,1PWK,1,1100,1,133,56098466,515453884,1100
30218,BEEK EN DONK                  ,1PWK,1,1100,2.33,132,56089520,515487794,1100
30199,BEEK EN DONK                  ,1PWK,1,660,1.25,49,56401998,515287502,660
30190,BEEK EN DONK                  ,1PWK,1,1100,1.8,131,56080575,515521705,1100
29943,BEEK EN DONK                  ,1PWK,1,660,1.17,5,56000237,515507067,660
29931,BEEK EN DONK                  ,1PWK,1,660,1,130,56486930,515526056,660
29911,BEEK EN DONK                  ,1PWK,1,660,1.98,138,56356760,515291965,660
28043,BEEK EN DONK                  ,1PWK,1,660,2.13,140,56288712,515418378,660
25743,BEEK EN DONK                  ,1PWK,1,1100,2.18,63,56293727,515382389,1100
25649,BEEK EN DONK                  ,1PWK,1,1100,1.2,159,55950760,515398539,1100
24257,BEEK EN DONK                  ,1PWK,1,240,1.25,92,56365548,515460807,240
24119,BEEK EN DONK                  ,1PWK,1,660,1.67,129,56306912,515374796,660
23988,BEEK EN DONK                  ,1PWK,1,660,2.17,87,56218677,515421448,660
18715,BEEK EN DONK                  ,1PWK,1,1100,1.74,71,56331410,515291395,1100
17439,BEEK EN DONK                  ,1PWK,1,240,3,145,56444333,515212320,240
9016,BEEK EN DONK                  ,1PWK,1,770,1.72,146,56444333,515212320,770
8369,BEEK EN DONK                  ,1PWK,1,240,3,126,56294362,515404944,240
5908,BEEK EN DONK                  ,1PWK,1,660,1,83,56341323,515472481,660
5576,BEEK EN DONK                  ,1PWK,1,240,2,93,56360933,515468878,240
4953,BEEK EN DONK                  ,1PWK,1,660,1.5,97,56345271,515441947,660
4340,BEEK EN DONK                  ,1PWK,1,1100,1,85,56340259,515468331,1100
2524,BEEK EN DONK                  ,1PWK,1,660,2,58,56369400,515491085,660
1200,BEEK EN DONK                  ,1PWK,1,1100,1.8,91,56366258,515459565,1100
1005,BEEK EN DONK                  ,1PWK,1,240,2,65,56297612,515382092,240
993,BEEK EN DONK                  ,1PWK,1,1100,3.12,94,56360933,515468878,1100
981,BEEK EN DONK                  ,1PWK,1,1100,2.67,96,56334409,515445511,1100
964,BEEK EN DONK                  ,1PWK,1,1100,2.32,128,56306912,515374796,1100
962,BEEK EN DONK                  ,1PWK,1,660,2.22,137,56325761,515293257,660
952,BEEK EN DONK                  ,1PWK,1,240,1.25,69,56273584,515359112,240
944,BEEK EN DONK                  ,1PWK,1,240,1,68,56271368,515369191,240
943,BEEK EN DONK                  ,1PWK,1,660,2.5,95,56350702,515440165,660
942,BEEK EN DONK                  ,1PWK,1,660,1,135,56318438,515293912,660
941,BEEK EN DONK                  ,1PWK,1,240,2,136,56325761,515293257,240
940,BEEK EN DONK                  ,1PWK,1,240,1.67,90,56256449,515387917,240
644,BEEK EN DONK                  ,1PWK,1,660,1.6,127,56319026,515363392,660
34739,BUDEL                         ,1PWK,1,660,2.83,355,55732956,512718142,660
34121,BUDEL                         ,1PWK,1,1100,3.13,541,55610528,512671069,1100
33425,BUDEL                         ,1PWK,1,1100,3.13,337,55994910,512595485,1100
33211,BUDEL                         ,1PWK,1,1100,3.13,171,55719679,512659585,1100
32889,BUDEL                         ,1PWK,1,1100,5,378,56195699,512958130,1100
32778,BUDEL                         ,1PWK,1,1100,11.47,332,55994627,512627298,1100
32606,BUDEL                         ,1PWK,1,1100,3.13,316,55882606,512658814,1100
32601,BUDEL                         ,1PWK,1,660,2,408,55805777,512645048,660
32102,BUDEL                         ,1PWK,1,1100,2,383,55915764,512707134,1100
31898,BUDEL                         ,1PWK,1,240,1,354,55732956,512718142,240
31679,BUDEL                         ,1PWK,1,1100,3.65,396,55785105,512663131,1100
31461,BUDEL                         ,1PWK,1,1100,7,404,56055311,512913404,1100
31023,BUDEL                         ,1PWK,1,1100,2,336,55996869,512593523,1100
30969,BUDEL                         ,1PWK,1,660,1.6,545,55767756,512660788,660
30710,BUDEL                         ,1PWK,1,1100,1.73,295,55986554,512619815,1100
30370,BUDEL                         ,1PWK,1,660,2.6,546,55767756,512660788,660
30229,BUDEL                         ,1PWK,1,660,3.08,538,55961487,512717709,660
30152,BUDEL                         ,1PWK,1,1100,1.78,569,55720047,512678660,1100
29921,BUDEL                         ,1PWK,1,660,3.5,534,55919530,512781833,660
29730,BUDEL                         ,1PWK,1,240,2,322,55749270,512744895,240
29266,BUDEL                         ,1PWK,1,660,1.71,434,55820280,512849789,660
28825,BUDEL                         ,1PWK,1,660,3.05,379,56228787,512998093,660
28289,BUDEL                         ,1PWK,1,660,1,517,55704940,512743410,660
25969,BUDEL                         ,1PWK,1,1100,1.86,168,55718302,512652154,1100
25860,BUDEL                         ,1PWK,1,2500,2.8,175,55879782,512565279,2500
25678,BUDEL                         ,1PWK,1,1100,2.09,366,55724200,512637710,1100
25195,BUDEL                         ,1PWK,1,1100,2,214,55931066,512600108,1100
23070,BUDEL                         ,1PWK,1,1100,2,167,55815034,512725843,1100
22171,BUDEL                         ,1PWK,1,660,2.09,310,55722683,512737991,660
21276,BUDEL                         ,1PWK,1,240,2,333,56003022,512570718,240
20793,BUDEL                         ,1PWK,1,660,3.5,331,55994627,512627298,660
20010,BUDEL                         ,1PWK,1,660,2.2,386,55779648,512652084,660
19987,BUDEL                         ,1PWK,1,1100,1.66,448,55775702,512754138,1100
19697,BUDEL                         ,1PWK,1,660,2.22,431,55746076,512629082,660
19377,BUDEL                         ,1PWK,1,770,3.12,532,55584073,512724292,770
19155,BUDEL                         ,1PWK,1,660,5.28,467,55370704,512824167,660
17969,BUDEL                         ,1PWK,1,660,2.94,320,55754213,512745760,660
17262,BUDEL                         ,1PWK,1,1100,1.33,176,55879782,512565279,1100
17201,BUDEL                         ,1PWK,1,660,2.6,418,55890429,512785600,660
17095,BUDEL                         ,1PWK,1,1100,2.03,328,55836391,512679827,1100
15940,BUDEL                         ,1PWK,1,660,1,530,55770815,512707654,660
15760,BUDEL                         ,1PWK,1,660,1.94,170,55718302,512652154,660
15426,BUDEL                         ,1PWK,1,1100,4.57,542,55793561,512695857,1100
8410,BUDEL                         ,1PWK,1,1100,2.52,449,55775702,512754138,1100
7480,BUDEL                         ,1PWK,1,770,2.82,384,55632729,512679441,770
6286,BUDEL                         ,1PWK,1,1100,3.22,172,55872622,512817036,1100
6249,BUDEL                         ,1PWK,1,1100,1.25,317,55900310,512656664,1100
6224,BUDEL                         ,1PWK,1,1100,0.96,303,55738253,512736037,1100
6217,BUDEL                         ,1PWK,1,660,1,356,55732956,512718142,660
6147,BUDEL                         ,1PWK,1,660,1.92,518,55682133,512689071,660
5929,BUDEL                         ,1PWK,1,240,4.37,424,55764094,512785135,240
5888,BUDEL                         ,1PWK,1,1100,1,351,55732956,512718142,1100
5788,BUDEL                         ,1PWK,1,770,2.82,297,56014297,512661378,770
5787,BUDEL                         ,1PWK,1,1100,3,537,55689784,512788905,1100
5729,BUDEL                         ,1PWK,1,660,1,450,55775702,512754138,660
5555,BUDEL                         ,1PWK,1,1100,1.2,397,55768490,512663439,1100
5407,BUDEL                         ,1PWK,1,660,2.45,465,55772346,512775660,660
5362,BUDEL                         ,1PWK,1,240,2.29,527,55768744,512740204,240
5339,BUDEL                         ,1PWK,1,660,1,531,55768551,512723152,660
5224,BUDEL                         ,1PWK,1,660,1,426,55755154,512739167,660
5221,BUDEL                         ,1PWK,1,1100,2.86,335,55999808,512590581,1100
5219,BUDEL                         ,1PWK,1,660,2.62,367,55822458,512738790,660
5202,BUDEL                         ,1PWK,1,1100,10.12,533,55890429,512785600,1100
5201,BUDEL                         ,1PWK,1,660,2.09,566,55762323,512649331,660
5189,BUDEL                         ,1PWK,1,1100,2.61,523,55797017,512747652,1100
5166,BUDEL                         ,1PWK,1,660,2.59,529,55808335,512714748,660
5159,BUDEL                         ,1PWK,1,1100,3.11,563,55737036,512691071,1100
5128,BUDEL                         ,1PWK,1,240,5.65,423,55764094,512785135,240
5116,BUDEL                         ,1PWK,1,240,1.57,521,55673375,512706307,240
5097,BUDEL                         ,1PWK,1,240,1.71,515,55710027,512773766,240
5093,BUDEL                         ,1PWK,1,660,3.83,175,55879782,512565279,660
5092,BUDEL                         ,1PWK,1,660,1,526,55768744,512740204,660
5061,BUDEL                         ,1PWK,1,1100,2.93,466,55297404,512863434,1100
5056,BUDEL                         ,1PWK,1,240,0.9,315,55725911,512740040,240
5055,BUDEL                         ,1PWK,1,1100,2.06,561,55732212,512758635,1100
5049,BUDEL                         ,1PWK,1,660,1,409,55805777,512645048,660
5039,BUDEL                         ,1PWK,1,1100,1,540,55610528,512671069,1100
5018,BUDEL                         ,1PWK,1,240,1.25,311,55721736,512738620,240
5015,BUDEL                         ,1PWK,1,660,1,341,55766409,512735769,660
5012,BUDEL                         ,1PWK,1,240,1.98,361,55732956,512718142,240
5004,BUDEL                         ,1PWK,1,1100,1.5,315,55725911,512740040,1100
4991,BUDEL                         ,1PWK,1,660,2.52,469,55469329,512760325,660
4988,BUDEL                         ,1PWK,1,1100,1.47,464,55765104,512761887,1100
4987,BUDEL                         ,1PWK,1,660,3.86,403,56071546,512824985,660
4978,BUDEL                         ,1PWK,1,1100,1.5,304,55738253,512736037,1100
4969,BUDEL                         ,1PWK,1,240,2,357,55732956,512718142,240
4958,BUDEL                         ,1PWK,1,660,2.17,524,55787258,512733079,660
4956,BUDEL                         ,1PWK,1,660,2,439,55810544,512876235,660
4934,BUDEL                         ,1PWK,1,660,2.66,520,55703108,512671254,660
4911,BUDEL                         ,1PWK,1,1100,2.6,382,55915764,512707134,1100
4904,BUDEL                         ,1PWK,1,660,4.43,330,55994627,512627298,660
4896,BUDEL                         ,1PWK,1,660,1,410,55805777,512645048,660
4884,BUDEL                         ,1PWK,1,240,1.29,353,55732956,512718142,240
4879,BUDEL                         ,1PWK,1,660,1,340,55766409,512735769,660
4875,BUDEL                         ,1PWK,1,1100,1.16,313,55712523,512744033,1100
4804,BUDEL                         ,1PWK,1,660,1.5,567,55762323,512649331,660
4798,BUDEL                         ,1PWK,1,660,1,306,55738817,512723775,660
4797,BUDEL                         ,1PWK,1,1100,1.25,411,55805777,512645048,1100
4796,BUDEL                         ,1PWK,1,1100,3.35,385,55773737,512648912,1100
4780,BUDEL                         ,1PWK,1,660,1.67,354,55732956,512718142,660
4753,BUDEL                         ,1PWK,1,660,1,339,55766409,512735769,660
4752,BUDEL                         ,1PWK,1,1000,3.5,462,55706327,512635174,1000
4751,BUDEL                         ,1PWK,1,660,1.57,436,55816706,512836004,660
4750,BUDEL                         ,1PWK,1,1100,3.28,440,55832672,512829977,1100
4748,BUDEL                         ,1PWK,1,660,2.92,528,55808335,512714748,660
4740,BUDEL                         ,1PWK,1,660,1.4,562,55732212,512758635,660
4350,BUDEL                         ,1PWK,1,140,1,344,55766409,512735769,140
3205,BUDEL                         ,1PWK,1,240,1.59,417,55890429,512785600,240
3046,BUDEL                         ,1PWK,1,1100,1.71,216,55960022,512624313,1100
3003,BUDEL                         ,1PWK,1,660,1,360,55730944,512700578,660
2757,BUDEL                         ,1PWK,1,660,2.42,395,55768490,512663439,660
2707,BUDEL                         ,1PWK,1,660,0.99,393,55768490,512663439,660
2698,BUDEL                         ,1PWK,1,660,1,413,55805777,512645048,660
2621,BUDEL                         ,1PWK,1,660,1.67,318,55900310,512656664,660
2353,BUDEL                         ,1PWK,1,660,1.31,451,55775702,512754138,660
2314,BUDEL                         ,1PWK,1,660,1.57,217,55960022,512624313,660
2300,BUDEL                         ,1PWK,1,240,1.66,565,55733835,512668464,240
1895,BUDEL                         ,1PWK,1,660,1.5,407,55805777,512645048,660
1824,BUDEL                         ,1PWK,1,1100,2.66,543,55779753,512698759,1100
1772,BUDEL                         ,1PWK,1,660,2.39,326,55836391,512679827,660
1771,BUDEL                         ,1PWK,1,1100,1.62,346,55780846,512699641,1100
1758,BUDEL                         ,1PWK,1,660,2,568,55751068,512753891,660
1745,BUDEL                         ,1PWK,1,1100,1.5,390,55768490,512663439,1100
1732,BUDEL                         ,1PWK,1,660,1,300,55739329,512740823,660
1728,BUDEL                         ,1PWK,1,660,2,525,55768744,512740204,660
1407,BUDEL                         ,1PWK,1,240,1,314,55725911,512740040,240
1181,BUDEL                         ,1PWK,1,1100,4.27,438,55820280,512849789,1100
31913,BUDEL DORPLEIN                ,1PWK,1,1100,4.73,441,55879595,512366837,1100
30238,BUDEL DORPLEIN                ,1PWK,1,660,1,555,55683514,512375928,660
16607,BUDEL DORPLEIN                ,1PWK,1,660,3,557,55681820,512426520,660
6272,BUDEL DORPLEIN                ,1PWK,1,1100,5.92,556,55683317,512374472,1100
6144,BUDEL DORPLEIN                ,1PWK,1,660,3.14,369,55960111,512363639,660
5564,BUDEL DORPLEIN                ,1PWK,1,1100,3.92,559,55844607,512345518,1100
5142,BUDEL DORPLEIN                ,1PWK,1,660,2.5,564,55854191,512348671,660
5082,BUDEL DORPLEIN                ,1PWK,1,660,4.75,368,55960111,512363639,660
4895,BUDEL DORPLEIN                ,1PWK,1,1100,2,554,55678466,512407185,1100
4816,BUDEL DORPLEIN                ,1PWK,1,660,2.73,553,55678466,512407185,660
1876,BUDEL DORPLEIN                ,1PWK,1,660,3.17,577,55832913,512390681,660
1875,BUDEL DORPLEIN                ,1PWK,1,660,2.89,578,55832913,512390681,660
338,BUDEL DORPLEIN                ,1PWK,1,660,2.83,558,55699569,512409595,660
34841,BUDEL-SCHOOT                  ,1PWK,1,660,2.83,402,55567747,512440305,660
32559,BUDEL-SCHOOT                  ,1PWK,1,770,2,539,55587005,512587766,770
32285,BUDEL-SCHOOT                  ,1PWK,1,1100,1.87,581,55669129,512548166,1100
31548,BUDEL-SCHOOT                  ,1PWK,1,660,2.67,585,55670574,512552106,660
26064,BUDEL-SCHOOT                  ,1PWK,1,1100,3.29,399,55753389,512555091,1100
25100,BUDEL-SCHOOT                  ,1PWK,1,660,3.14,552,55653205,512480863,660
16697,BUDEL-SCHOOT                  ,1PWK,1,1100,4,401,55761903,512521309,1100
15825,BUDEL-SCHOOT                  ,1PWK,1,1100,5,580,55668123,512545421,1100
8414,BUDEL-SCHOOT                  ,1PWK,1,1100,3,370,55611499,512491362,1100
8327,BUDEL-SCHOOT                  ,1PWK,1,1100,1,429,55681820,512426520,1100
6603,BUDEL-SCHOOT                  ,1PWK,1,660,1.67,363,55658565,512519344,660
6136,BUDEL-SCHOOT                  ,1PWK,1,1100,2.87,400,55810569,512493622,1100
5861,BUDEL-SCHOOT                  ,1PWK,1,660,1.43,445,55661451,512500917,660
5550,BUDEL-SCHOOT                  ,1PWK,1,660,2,371,55611499,512491362,660
5178,BUDEL-SCHOOT                  ,1PWK,1,660,3.2,548,55692838,512512473,660
5146,BUDEL-SCHOOT                  ,1PWK,1,660,1,550,55653205,512480863,660
5127,BUDEL-SCHOOT                  ,1PWK,1,240,1.84,362,55649638,512520225,240
5052,BUDEL-SCHOOT                  ,1PWK,1,660,1.5,582,55676172,512567381,660
5050,BUDEL-SCHOOT                  ,1PWK,1,660,2.63,583,55676675,512568753,660
4970,BUDEL-SCHOOT                  ,1PWK,1,1100,4.27,447,55753389,512555091,1100
4903,BUDEL-SCHOOT                  ,1PWK,1,660,1.5,586,55675978,512566849,660
4783,BUDEL-SCHOOT                  ,1PWK,1,1000,2,433,55630798,512538212,1000
4766,BUDEL-SCHOOT                  ,1PWK,1,660,1.67,584,55677179,512570126,660
4755,BUDEL-SCHOOT                  ,1PWK,1,1000,5,428,55681820,512426520,1000
1751,BUDEL-SCHOOT                  ,1PWK,1,660,2.79,442,55613386,512497189,660
1739,BUDEL-SCHOOT                  ,1PWK,1,1100,3.12,432,55628113,512535032,1100
898,BUDEL-SCHOOT                  ,1PWK,1,240,1,443,55661065,512503377,240
33991,DE RIPS                       ,1PWK,1,1100,3.13,154,58151735,515518485,1100
21147,DE RIPS                       ,1PWK,1,660,1.25,43,58147291,515512354,660
8492,DE RIPS                       ,1PWK,1,660,2.5,120,58012390,515406197,660
6759,DE RIPS                       ,1PWK,1,1100,1.2,149,58180049,515360179,1100
6255,DE RIPS                       ,1PWK,1,1100,1.5,48,58313738,515470904,1100
932,DE RIPS                       ,1PWK,1,660,2.5,121,58130295,515474194,660
34611,DEURNE                        ,1PWK,1,660,2.83,915,57781957,514658502,660
34343,DEURNE                        ,1PWK,1,1100,3.12,894,57952586,514535292,1100
33071,DEURNE                        ,1PWK,1,660,2.84,865,57723478,514645096,660
32386,DEURNE                        ,1PWK,1,1100,3.13,842,58658644,514501963,1100
32370,DEURNE                        ,1PWK,1,660,2.84,862,58115323,514586764,660
32261,DEURNE                        ,1PWK,1,660,2.84,849,58139685,514563793,660
31517,DEURNE                        ,1PWK,1,1100,3.13,928,57836361,514559922,1100
30863,DEURNE                        ,1PWK,1,240,2.4,857,57864377,514567173,240
30440,DEURNE                        ,1PWK,1,1100,3.39,893,57952586,514535292,1100
30075,DEURNE                        ,1PWK,1,770,2.82,910,57955690,514636042,770
29892,DEURNE                        ,1PWK,1,660,1.5,866,57717831,514645180,660
28985,DEURNE                        ,1PWK,1,1100,2.96,848,57931314,514896984,1100
27561,DEURNE                        ,1PWK,1,240,1,927,58063532,514529655,240
26558,DEURNE                        ,1PWK,1,660,2.5,854,57808963,514613607,660
26317,DEURNE                        ,1PWK,1,1100,2.99,920,57914968,514552432,1100
24822,DEURNE                        ,1PWK,1,1100,1.67,908,57834351,514535282,1100
24330,DEURNE                        ,1PWK,1,1100,8,877,58058617,514510208,1100
24229,DEURNE                        ,1PWK,1,660,2,856,57907485,514610892,660
24042,DEURNE                        ,1PWK,1,660,1,853,57808963,514613607,660
23590,DEURNE                        ,1PWK,1,660,1.99,896,57968519,514538469,660
23086,DEURNE                        ,1PWK,1,240,2.4,847,57948797,514640992,240
20844,DEURNE                        ,1PWK,1,240,1,874,57938642,514498084,240
18963,DEURNE                        ,1PWK,1,5000,3.44,878,58058617,514510208,5000
17957,DEURNE                        ,1PWK,1,1100,3.5,860,57821417,514551402,1100
17733,DEURNE                        ,1PWK,1,1100,5.57,926,57963299,514482197,1100
17714,DEURNE                        ,1PWK,1,240,2.4,859,57935809,514586412,240
16067,DEURNE                        ,1PWK,1,1100,1,921,57901448,514375546,1100
16062,DEURNE                        ,1PWK,1,240,2,876,57910782,514612447,240
15958,DEURNE                        ,1PWK,1,1100,1.67,879,58163539,514383851,1100
15031,DEURNE                        ,1PWK,1,660,1.5,845,58062651,514847576,660
8983,DEURNE                        ,1PWK,1,660,2,916,57763977,514658013,660
8699,DEURNE                        ,1PWK,1,1100,1.25,881,58546113,514753988,1100
6428,DEURNE                        ,1PWK,1,240,2,914,57781957,514658502,240
6378,DEURNE                        ,1PWK,1,1100,3.94,844,57970282,514831312,1100
6322,DEURNE                        ,1PWK,1,1100,4,917,57763977,514658013,1100
6321,DEURNE                        ,1PWK,1,1100,3,877,58058617,514510208,1100
6270,DEURNE                        ,1PWK,1,660,4,871,57938642,514498084,660
6181,DEURNE                        ,1PWK,1,660,2,872,57932197,514506798,660
6064,DEURNE                        ,1PWK,1,1100,4.5,841,58658644,514501963,1100
5794,DEURNE                        ,1PWK,1,660,3,895,57968519,514538469,660
5773,DEURNE                        ,1PWK,1,660,1,850,58114258,514534679,660
5532,DEURNE                        ,1PWK,1,1100,2,880,58490339,514484702,1100
4318,DEURNE                        ,1PWK,1,1100,1.5,918,58097128,514526036,1100
3209,DEURNE                        ,1PWK,1,660,1,873,57938642,514498084,660
3197,DEURNE                        ,1PWK,1,240,2.4,911,57961791,514633335,240
1605,DEURNE                        ,1PWK,1,1100,0.78,925,57979415,514498705,1100
577,DEURNE                        ,1PWK,1,240,2,843,58658644,514501963,240
395,DEURNE                        ,1PWK,1,240,2.4,898,57941581,514634589,240
30528,GASTEL                        ,1PWK,1,660,3.91,461,55591543,512882562,660
29035,GASTEL                        ,1PWK,1,660,1.69,455,55589828,512880954,660
28125,GASTEL                        ,1PWK,1,660,1.33,198,55555624,512849711,660
19087,GASTEL                        ,1PWK,1,660,1.47,193,55569436,512848953,660
8412,GASTEL                        ,1PWK,1,240,2.45,419,55535058,512840788,240
5983,GASTEL                        ,1PWK,1,660,1.75,194,55575604,512827705,660
5832,GASTEL                        ,1PWK,1,1100,1,195,55545341,512845249,1100
5571,GASTEL                        ,1PWK,1,1100,2.18,422,55500966,512864091,1100
5239,GASTEL                        ,1PWK,1,1100,1.75,277,55569436,512848953,1100
5190,GASTEL                        ,1PWK,1,660,2.29,460,55564109,512856849,660
5176,GASTEL                        ,1PWK,1,1100,2.86,276,55569436,512848953,1100
5175,GASTEL                        ,1PWK,1,1100,2.36,274,55569436,512848953,1100
5170,GASTEL                        ,1PWK,1,1100,4.05,458,55591543,512882562,1100
5152,GASTEL                        ,1PWK,1,1100,3.55,421,55500966,512864091,1100
5144,GASTEL                        ,1PWK,1,660,2.74,575,55451726,512843782,660
5140,GASTEL                        ,1PWK,1,660,1.39,454,55591543,512882562,660
5109,GASTEL                        ,1PWK,1,1100,2.89,576,55507560,512860086,1100
5107,GASTEL                        ,1PWK,1,660,3,200,55525805,512881130,660
5105,GASTEL                        ,1PWK,1,660,2.5,459,55583704,512875215,660
5058,GASTEL                        ,1PWK,1,660,1.84,266,55540129,512855273,660
4957,GASTEL                        ,1PWK,1,1000,1.89,199,55535058,512840788,1000
4955,GASTEL                        ,1PWK,1,660,1.67,265,55558699,512852298,660
4945,GASTEL                        ,1PWK,1,1100,2.25,275,55569436,512848953,1100
4857,GASTEL                        ,1PWK,1,660,2.07,457,55570967,512863277,660
4824,GASTEL                        ,1PWK,1,660,2.12,456,55588113,512879347,660
4608,GASTEL                        ,1PWK,1,660,1,420,55500966,512864091,660
2334,GASTEL                        ,1PWK,1,1100,2.15,192,55571198,512842882,1100
8316,HELENAVEEN                    ,1PWK,1,1100,1.5,900,59217110,513938866,1100
34544,HEUSDEN GEM ASTEN             ,1PWK,1,1100,3.12,733,57770757,513351569,1100
33002,HEUSDEN GEM ASTEN             ,1PWK,1,1100,3.13,712,57458402,513941329,1100
31588,HEUSDEN GEM ASTEN             ,1PWK,1,1100,4.4,697,57679378,513811429,1100
29975,HEUSDEN GEM ASTEN             ,1PWK,1,1100,2,789,57585176,513748475,1100
29744,HEUSDEN GEM ASTEN             ,1PWK,1,1100,1,777,57706586,513780845,1100
28198,HEUSDEN GEM ASTEN             ,1PWK,1,660,1,791,58113887,513709879,660
24705,HEUSDEN GEM ASTEN             ,1PWK,1,660,2,770,57641411,513836848,660
23106,HEUSDEN GEM ASTEN             ,1PWK,1,1100,2.88,800,57648448,513846080,1100
22253,HEUSDEN GEM ASTEN             ,1PWK,1,660,2.33,803,57654970,513765077,660
20533,HEUSDEN GEM ASTEN             ,1PWK,1,1100,1.25,691,57698117,513595234,1100
16673,HEUSDEN GEM ASTEN             ,1PWK,1,1100,2,772,57646927,513825233,1100
15945,HEUSDEN GEM ASTEN             ,1PWK,1,1100,2.43,769,57641411,513836848,1100
8971,HEUSDEN GEM ASTEN             ,1PWK,1,660,4,831,57561496,513626531,660
6863,HEUSDEN GEM ASTEN             ,1PWK,1,1100,1.5,775,57758624,513799148,1100
6260,HEUSDEN GEM ASTEN             ,1PWK,1,770,1,695,57679378,513811429,770
6169,HEUSDEN GEM ASTEN             ,1PWK,1,1100,2,775,57758624,513799148,1100
5792,HEUSDEN GEM ASTEN             ,1PWK,1,1100,1,773,57634340,513828292,1100
4779,HEUSDEN GEM ASTEN             ,1PWK,1,660,2.25,771,57641411,513836848,660
4736,HEUSDEN GEM ASTEN             ,1PWK,1,1100,1,797,58096992,513710832,1100
4454,HEUSDEN GEM ASTEN             ,1PWK,1,1100,1.5,814,57883604,513806923,1100
4319,HEUSDEN GEM ASTEN             ,1PWK,1,1100,1.5,809,57796329,513514045,1100
3330,HEUSDEN GEM ASTEN             ,1PWK,1,1100,1.57,714,57456148,513852999,1100
2593,HEUSDEN GEM ASTEN             ,1PWK,1,1100,1,776,57732605,513789996,1100
2483,HEUSDEN GEM ASTEN             ,1PWK,1,660,1.67,790,57585176,513748475,660
1638,HEUSDEN GEM ASTEN             ,1PWK,1,1100,2.75,711,57458228,513934534,1100
1599,HEUSDEN GEM ASTEN             ,1PWK,1,1100,2,796,58001579,513715585,1100
1518,HEUSDEN GEM ASTEN             ,1PWK,1,1100,1.67,702,57788430,513396126,1100
1336,HEUSDEN GEM ASTEN             ,1PWK,1,1100,1.67,804,57658798,513750479,1100
1230,HEUSDEN GEM ASTEN             ,1PWK,1,1100,1,795,58001579,513715585,1100
1084,HEUSDEN GEM ASTEN             ,1PWK,1,240,2.4,772,57646927,513825233,240
885,HEUSDEN GEM ASTEN             ,1PWK,1,660,2.2,806,58409136,513749952,660
883,HEUSDEN GEM ASTEN             ,1PWK,1,770,2.82,689,57709165,513611608,770
868,HEUSDEN GEM ASTEN             ,1PWK,1,1100,2.69,805,57645403,513801572,1100
859,HEUSDEN GEM ASTEN             ,1PWK,1,1100,1,802,57750369,513761017,1100
789,HEUSDEN GEM ASTEN             ,1PWK,1,1100,2.5,690,57698117,513595234,1100
766,HEUSDEN GEM ASTEN             ,1PWK,1,1100,1.5,774,57824854,513822443,1100
31507,LIEROP                        ,1PWK,1,1100,2,959,56664694,514553342,1100
25584,LIEROP                        ,1PWK,1,1100,4,1074,56912229,514334743,1100
23391,LIEROP                        ,1PWK,1,660,1.33,964,56826502,514286557,660
7472,LIEROP                        ,1PWK,1,1100,3,1088,56803100,514507567,1100
7430,LIEROP                        ,1PWK,1,1100,1.93,1087,56780122,514199592,1100
4337,LIEROP                        ,1PWK,1,1100,19.32,1089,56692066,514217438,1100
3295,LIEROP                        ,1PWK,1,660,1.5,972,56914023,514193661,660
2652,LIEROP                        ,1PWK,1,1100,3.68,1076,56897988,514326476,1100
1063,LIEROP                        ,1PWK,1,1100,5,1077,56841617,514434283,1100
1007,LIEROP                        ,1PWK,1,1100,3.5,955,56713946,514345205,1100
997,LIEROP                        ,1PWK,1,1100,1.25,961,56823366,514213568,1100
783,LIEROP                        ,1PWK,1,770,1.5,1064,56820350,514199931,770
141,LIEROP                        ,1PWK,1,660,1,956,56650272,514333625,660
24163,LIESHOUT                      ,1PWK,1,240,2,13,55957571,515179229,240
4334,LIESHOUT                      ,1PWK,1,1100,2,89,55903900,515181308,1100
3238,LIESHOUT                      ,1PWK,1,1100,2,12,55906691,515179976,1100
1640,LIESHOUT                      ,1PWK,1,660,2.26,27,55909000,515221064,660
1566,LIESHOUT                      ,1PWK,1,1100,2.5,11,55901474,515186912,1100
1184,LIESHOUT                      ,1PWK,1,660,3,17,55653276,515178842,660
1010,LIESHOUT                      ,1PWK,1,1100,1,18,55692602,515100040,1100
946,LIESHOUT                      ,1PWK,1,240,1,25,55980011,515324939,240
945,LIESHOUT                      ,1PWK,1,240,1.5,16,55929608,515239562,240
809,LIESHOUT                      ,1PWK,1,240,2,8,55941205,515166210,240
33070,LIESSEL                       ,1PWK,1,1100,3.13,901,58055500,514093839,1100
27958,LIESSEL                       ,1PWK,1,1100,2,886,58259432,514170826,1100
23160,LIESSEL                       ,1PWK,1,660,1.2,870,58249088,514094573,660
18720,LIESSEL                       ,1PWK,1,1100,1.67,923,58170894,514129796,1100
16661,LIESSEL                       ,1PWK,1,1100,2,887,58273442,514070576,1100
6895,LIESSEL                       ,1PWK,1,1100,3.08,892,58325496,514108430,1100
1228,LIESSEL                       ,1PWK,1,1100,0.95,890,58308238,514111387,1100
143,LIESSEL                       ,1PWK,1,1100,2.85,888,58299702,514137523,1100
34582,MAARHEEZE                     ,1PWK,1,660,2.83,240,56409620,513143417,660
34288,MAARHEEZE                     ,1PWK,1,1100,3.12,509,56540074,513169402,1100
33686,MAARHEEZE                     ,1PWK,1,2500,5.1,476,56295706,513089704,2500
32823,MAARHEEZE                     ,1PWK,1,660,1,256,56109320,513091667,660
32813,MAARHEEZE                     ,1PWK,1,660,1,238,56369116,513109555,660
32774,MAARHEEZE                     ,1PWK,1,660,3,474,56295706,513089704,660
30730,MAARHEEZE                     ,1PWK,1,1100,1.47,475,56295706,513089704,1100
30026,MAARHEEZE                     ,1PWK,1,770,2.82,480,56295706,513089704,770
28784,MAARHEEZE                     ,1PWK,1,240,1,473,56295706,513089704,240
28516,MAARHEEZE                     ,1PWK,1,1100,3.57,503,56295706,513089704,1100
28495,MAARHEEZE                     ,1PWK,1,660,1,291,56371939,513033628,660
28082,MAARHEEZE                     ,1PWK,1,240,3.33,254,56129835,513099493,240
27965,MAARHEEZE                     ,1PWK,1,1100,1.5,502,56295706,513089704,1100
27327,MAARHEEZE                     ,1PWK,2,1100,5,252,56142333,513106798,2200
26515,MAARHEEZE                     ,1PWK,1,1100,1.67,493,56295706,513089704,1100
26241,MAARHEEZE                     ,1PWK,1,660,1.5,232,56071576,513090749,660
24021,MAARHEEZE                     ,1PWK,1,1100,3.79,262,56172433,513125651,1100
23810,MAARHEEZE                     ,1PWK,1,1100,4.96,245,56157251,513122223,1100
23596,MAARHEEZE                     ,1PWK,1,1100,1.5,471,56295706,513089704,1100
22704,MAARHEEZE                     ,1PWK,1,1100,3,497,56295706,513089704,1100
22184,MAARHEEZE                     ,1PWK,1,660,1,495,56291436,513090417,660
21967,MAARHEEZE                     ,1PWK,1,240,1,247,56151535,513098100,240
21343,MAARHEEZE                     ,1PWK,1,660,2.29,482,56295706,513089704,660
21335,MAARHEEZE                     ,1PWK,1,1100,1.41,507,56360327,513057783,1100
20512,MAARHEEZE                     ,1PWK,1,660,1,222,56054851,513144469,660
20215,MAARHEEZE                     ,1PWK,1,660,1.67,497,56295706,513089704,660
16919,MAARHEEZE                     ,1PWK,1,660,1,490,56295706,513089704,660
16908,MAARHEEZE                     ,1PWK,1,660,1.5,492,56295706,513089704,660
16575,MAARHEEZE                     ,1PWK,1,660,1.25,501,56295706,513089704,660
15767,MAARHEEZE                     ,1PWK,1,1100,1.25,487,56290826,513090519,1100
8365,MAARHEEZE                     ,1PWK,1,1100,3,446,56240126,513128826,1100
8361,MAARHEEZE                     ,1PWK,1,660,1.89,223,56030207,513157805,660
7617,MAARHEEZE                     ,1PWK,1,1000,3.09,244,56167717,513111735,1000
7492,MAARHEEZE                     ,1PWK,1,1100,1.36,488,56295706,513089704,1100
6503,MAARHEEZE                     ,1PWK,1,240,1,260,56109320,513091667,240
6498,MAARHEEZE                     ,1PWK,1,240,1,470,56287167,513091130,240
6340,MAARHEEZE                     ,1PWK,1,660,3.23,243,56167717,513111735,660
6315,MAARHEEZE                     ,1PWK,1,1100,2,230,56076186,513092583,1100
6168,MAARHEEZE                     ,1PWK,1,660,4.3,246,56157251,513122223,660
5542,MAARHEEZE                     ,1PWK,1,660,1.22,255,56109320,513091667,660
5232,MAARHEEZE                     ,1PWK,1,660,2,284,56132713,513114693,660
5215,MAARHEEZE                     ,1PWK,1,1100,6,514,56415851,513239997,1100
5209,MAARHEEZE                     ,1PWK,1,1100,2.74,499,56295706,513089704,1100
5205,MAARHEEZE                     ,1PWK,1,660,4,268,56201199,513061991,660
5139,MAARHEEZE                     ,1PWK,1,660,2,508,56508152,513208968,660
5131,MAARHEEZE                     ,1PWK,1,660,1,258,56113026,513088241,660
5080,MAARHEEZE                     ,1PWK,1,1100,3.53,179,55975846,513195300,1100
5063,MAARHEEZE                     ,1PWK,1,240,1.57,251,56151535,513098100,240
5053,MAARHEEZE                     ,1PWK,1,660,3.32,213,56151514,513139224,660
5037,MAARHEEZE                     ,1PWK,1,1100,3,512,56540074,513169402,1100
4986,MAARHEEZE                     ,1PWK,1,660,5.42,234,56310776,513228634,660
4974,MAARHEEZE                     ,1PWK,1,660,5.08,219,56094727,513143573,660
4950,MAARHEEZE                     ,1PWK,1,660,1.78,248,56151535,513098100,660
4949,MAARHEEZE                     ,1PWK,1,660,2.9,177,56215500,513133629,660
4935,MAARHEEZE                     ,1PWK,1,1100,3.93,229,56061746,513084070,1100
4926,MAARHEEZE                     ,1PWK,1,660,2.8,237,56369116,513109555,660
4910,MAARHEEZE                     ,1PWK,1,1000,3,405,56065543,513074332,1000
4907,MAARHEEZE                     ,1PWK,1,660,1,259,56116733,513084815,660
4878,MAARHEEZE                     ,1PWK,1,660,2.5,510,56540074,513169402,660
4858,MAARHEEZE                     ,1PWK,1,1100,1,511,56540074,513169402,1100
4852,MAARHEEZE                     ,1PWK,1,660,1,258,56113026,513088241,660
4845,MAARHEEZE                     ,1PWK,1,1100,1.63,282,56132713,513114693,1100
4829,MAARHEEZE                     ,1PWK,1,660,3,264,56172597,513080785,660
4825,MAARHEEZE                     ,1PWK,1,240,1.25,477,56295706,513089704,240
4815,MAARHEEZE                     ,1PWK,1,660,3.75,233,56098346,513230206,660
4814,MAARHEEZE                     ,1PWK,1,660,3.48,239,56405661,513141546,660
4782,MAARHEEZE                     ,1PWK,1,660,1.17,494,56295706,513089704,660
4774,MAARHEEZE                     ,1PWK,1,660,2.67,242,56180318,513114867,660
4767,MAARHEEZE                     ,1PWK,1,660,3.25,249,56151535,513098100,660
4749,MAARHEEZE                     ,1PWK,1,660,1.17,220,56030207,513157805,660
4746,MAARHEEZE                     ,1PWK,1,240,1,251,56151535,513098100,240
4734,MAARHEEZE                     ,1PWK,1,240,4.29,507,56360327,513057783,240
4631,MAARHEEZE                     ,1PWK,1,660,3,211,56154741,513129984,660
4579,MAARHEEZE                     ,1PWK,1,660,2.16,489,56288387,513090926,660
3292,MAARHEEZE                     ,1PWK,1,240,1,228,56061746,513084070,240
3219,MAARHEEZE                     ,1PWK,1,1100,1.75,478,56295706,513089704,1100
2949,MAARHEEZE                     ,1PWK,1,1100,5.33,263,56072795,513010309,1100
2699,MAARHEEZE                     ,1PWK,1,240,2.4,491,56283508,513091741,240
2688,MAARHEEZE                     ,1PWK,1,660,1.67,506,56360327,513057783,660
2682,MAARHEEZE                     ,1PWK,1,660,5.17,228,56061746,513084070,660
2680,MAARHEEZE                     ,1PWK,1,660,1.67,221,56042529,513151137,660
2627,MAARHEEZE                     ,1PWK,1,1100,1,236,56085408,513096253,1100
2500,MAARHEEZE                     ,1PWK,1,1100,1,479,56295706,513089704,1100
2184,MAARHEEZE                     ,1PWK,1,240,3.91,579,56045044,513114663,240
2091,MAARHEEZE                     ,1PWK,1,1100,1,278,56132713,513114693,1100
1903,MAARHEEZE                     ,1PWK,1,1100,1.8,218,56094727,513143573,1100
1854,MAARHEEZE                     ,1PWK,1,660,1,290,56343016,513026712,660
1726,MAARHEEZE                     ,1PWK,1,660,2.47,496,56289302,513090773,660
1585,MAARHEEZE                     ,1PWK,1,240,2.4,226,56110856,513134501,240
1374,MAARHEEZE                     ,1PWK,1,240,4.34,235,56232476,513144027,240
1212,MAARHEEZE                     ,1PWK,1,240,1.8,482,56295706,513089704,240
795,MAARHEEZE                     ,1PWK,1,660,2.67,212,56154741,513129984,660
406,MAARHEEZE                     ,1PWK,1,660,2.17,485,56295706,513089704,660
361,MAARHEEZE                     ,1PWK,17,240,16,287,56343016,513026712,4080
114,MAARHEEZE                     ,1PWK,1,1100,1.62,484,56295706,513089704,1100
31027,MARIAHOUT                     ,1PWK,1,1100,1,20,55686932,515298059,1100
30352,MARIAHOUT                     ,1PWK,1,660,1.6,22,56125536,515539078,660
30351,MARIAHOUT                     ,1PWK,1,660,1.4,23,56116543,515535603,660
30186,MARIAHOUT                     ,1PWK,1,660,1.33,24,56098559,515528654,660
30160,MARIAHOUT                     ,1PWK,1,660,1,21,56080575,515521705,660
22341,MARIAHOUT                     ,1PWK,1,660,1,4,55729329,515394533,660
18716,MARIAHOUT                     ,1PWK,1,660,1.33,19,55826351,515305370,660
16472,MARIAHOUT                     ,1PWK,1,660,2,160,55819015,515380047,660
865,MARIAHOUT                     ,1PWK,1,240,1,3,55729329,515394533,240
34593,MIERLO                        ,1PWK,1,240,2.4,664,56148214,514471962,240
34199,MIERLO                        ,1PWK,1,1100,3.12,639,56219321,514462867,1100
33947,MIERLO                        ,1PWK,1,240,2.4,602,56187409,514433911,240
33206,MIERLO                        ,1PWK,1,1100,3.13,663,56262292,514484820,1100
32946,MIERLO                        ,1PWK,1,1100,3.13,654,55891384,514343973,1100
32876,MIERLO                        ,1PWK,1,660,2.84,662,56261214,514486138,660
32735,MIERLO                        ,1PWK,1,1100,2.78,613,56175150,514392065,1100
32562,MIERLO                        ,1PWK,1,1100,3.13,591,56020636,514436458,1100
32300,MIERLO                        ,1PWK,1,1100,3.12,622,56260424,514500538,1100
32127,MIERLO                        ,1PWK,1,240,2,669,56148214,514471962,240
31608,MIERLO                        ,1PWK,1,660,1.75,661,56261775,514266324,660
31469,MIERLO                        ,1PWK,1,660,1.5,652,55818308,514320921,660
30411,MIERLO                        ,1PWK,1,1100,3,642,56231549,514466646,1100
30375,MIERLO                        ,1PWK,1,1100,1.88,595,56141605,514437787,1100
27124,MIERLO                        ,1PWK,1,660,1.67,641,56219321,514462867,660
25262,MIERLO                        ,1PWK,1,1100,1.76,609,56192566,514423267,1100
24528,MIERLO                        ,1PWK,1,1100,3.33,652,55818308,514320921,1100
23155,MIERLO                        ,1PWK,1,770,1,636,56265217,514462044,770
23110,MIERLO                        ,1PWK,1,660,2.5,620,56200966,514447862,660
22825,MIERLO                        ,1PWK,1,660,2.84,627,56251382,514340187,660
15631,MIERLO                        ,1PWK,1,1100,1.87,670,56148214,514471962,1100
8607,MIERLO                        ,1PWK,1,1100,1.5,653,55849626,514330800,1100
8290,MIERLO                        ,1PWK,1,660,1.83,644,56219321,514462867,660
8202,MIERLO                        ,1PWK,1,240,1,592,56072436,514397165,240
7714,MIERLO                        ,1PWK,1,770,1.25,618,56229003,514450809,770
7618,MIERLO                        ,1PWK,1,1100,2.67,651,56219321,514462867,1100
7437,MIERLO                        ,1PWK,1,3000,4.56,675,56174012,514477414,3000
7316,MIERLO                        ,1PWK,1,660,2.84,605,56255323,514422893,660
7040,MIERLO                        ,1PWK,1,1100,3.67,671,56151711,514456558,1100
6955,MIERLO                        ,1PWK,1,1100,7.23,600,56159735,514434084,1100
6478,MIERLO                        ,1PWK,1,660,2,619,56209304,514443321,660
5682,MIERLO                        ,1PWK,1,240,2,596,56135928,514436289,240
5229,MIERLO                        ,1PWK,1,660,1,630,56339371,514502805,660
4354,MIERLO                        ,1PWK,1,240,1,610,56192566,514423267,240
2862,MIERLO                        ,1PWK,1,1100,1.93,640,56219321,514462867,1100
2259,MIERLO                        ,1PWK,1,660,1.23,673,56151711,514456558,660
1934,MIERLO                        ,1PWK,1,1100,2,594,56132573,514435404,1100
1720,MIERLO                        ,1PWK,1,770,2.63,665,56148214,514471962,770
1583,MIERLO                        ,1PWK,1,140,4.45,621,56260424,514500538,140
1517,MIERLO                        ,1PWK,1,660,2.15,612,56159735,514434084,660
1324,MIERLO                        ,1PWK,1,240,2,643,56219321,514462867,240
1017,MIERLO                        ,1PWK,1,240,3.6,659,56288107,514375625,240
1000,MIERLO                        ,1PWK,1,770,2.82,625,56351177,514455805,770
768,MIERLO                        ,1PWK,1,660,1.59,617,56202748,514439436,660
767,MIERLO                        ,1PWK,1,660,1.98,635,56062690,514408981,660
624,MIERLO                        ,1PWK,1,240,1,629,56150376,514327300,240
622,MIERLO                        ,1PWK,1,240,1,608,56192566,514423267,240
620,MIERLO                        ,1PWK,1,660,2.58,674,56133879,514480476,660
584,MIERLO                        ,1PWK,1,660,1.5,588,56187013,514445825,660
574,MIERLO                        ,1PWK,1,240,1.14,624,56351177,514455805,240
573,MIERLO                        ,1PWK,1,660,2.8,599,56187409,514433911,660
572,MIERLO                        ,1PWK,1,240,2.6,638,56271262,514474815,240
571,MIERLO                        ,1PWK,1,660,1.33,623,56351177,514455805,660
562,MIERLO                        ,1PWK,1,660,1.25,597,56147283,514439285,660
557,MIERLO                        ,1PWK,1,660,1,628,56197042,514286099,660
552,MIERLO                        ,1PWK,1,660,2,590,55947110,514550359,660
550,MIERLO                        ,1PWK,1,240,2.66,637,56272245,514467972,240
538,MIERLO                        ,1PWK,1,660,1.67,650,56219321,514462867,660
537,MIERLO                        ,1PWK,1,660,1.85,598,56187409,514433911,660
526,MIERLO                        ,1PWK,1,240,2,643,56219321,514462867,240
28367,MILHEEZE                      ,1PWK,1,1100,2.93,166,57701391,515021953,1100
21589,MILHEEZE                      ,1PWK,1,1100,1.67,123,57751433,515027168,1100
18996,MILHEEZE                      ,1PWK,1,660,1.67,165,57691698,514906610,660
8942,MILHEEZE                      ,1PWK,1,770,-0.18,151,57902936,515083553,770
5927,MILHEEZE                      ,1PWK,1,2500,4.37,101,57861407,515034852,2500
2840,MILHEEZE                      ,1PWK,1,1100,2.5,150,57985322,515138571,1100
651,MILHEEZE                      ,1PWK,1,1100,2,158,57836215,515032568,1100
25908,NEDERWEERT                    ,1PWK,1,1100,1.67,676,57503148,513073594,1100
28022,NEERKANT                      ,1PWK,1,660,1.75,883,58689571,513700936,660
23456,NEERKANT                      ,1PWK,1,1100,2,882,58537934,513877400,1100
5553,NEERKANT                      ,1PWK,1,1100,2,919,58671331,513859098,1100
4153,NEERKANT                      ,1PWK,1,1100,2.5,884,58587279,513812817,1100
1178,NEERKANT                      ,1PWK,1,1100,2,930,58661073,513550860,1100
26265,OMMEL                         ,1PWK,1,660,1,812,57490296,514211514,660
6527,OMMEL                         ,1PWK,1,1100,1,692,57178951,514354581,1100
3141,OMMEL                         ,1PWK,1,240,2.4,801,57479367,514174748,240
1337,OMMEL                         ,1PWK,1,1100,3,684,57497265,514268549,1100
1068,OMMEL                         ,1PWK,1,1100,2,717,57486473,514227742,1100
1041,OMMEL                         ,1PWK,1,1100,1.56,685,57480299,514222111,1100
882,OMMEL                         ,1PWK,1,1100,2.8,686,57488072,514220889,1100
778,OMMEL                         ,1PWK,1,660,2.83,811,57458599,514208635,660
688,OMMEL                         ,1PWK,1,770,2.82,716,57488072,514220889,770
32568,SOERENDONK                    ,1PWK,1,660,3.62,375,55795695,513037677,660
30809,SOERENDONK                    ,1PWK,1,1100,1.6,269,55824765,513056094,1100
28315,SOERENDONK                    ,1PWK,1,770,4.18,574,55787777,512991192,770
24078,SOERENDONK                    ,1PWK,1,1100,1.75,204,55739525,512968248,1100
22296,SOERENDONK                    ,1PWK,1,1100,1,374,55802325,513039659,1100
20231,SOERENDONK                    ,1PWK,1,240,1,271,55824765,513056094,240
19546,SOERENDONK                    ,1PWK,1,660,1.5,269,55824765,513056094,660
16580,SOERENDONK                    ,1PWK,2,240,1,201,55892303,513040510,480
15487,SOERENDONK                    ,1PWK,1,1100,2.67,190,55603403,512922293,1100
8368,SOERENDONK                    ,1PWK,1,660,1,270,55824765,513056094,660
8319,SOERENDONK                    ,1PWK,1,660,2.67,189,55603403,512922293,660
8030,SOERENDONK                    ,1PWK,1,1100,2.71,206,55739525,512968248,1100
6395,SOERENDONK                    ,1PWK,1,1100,3.58,267,55599972,512965270,1100
6316,SOERENDONK                    ,1PWK,1,660,1.75,572,55787777,512991192,660
6289,SOERENDONK                    ,1PWK,1,240,1,187,55732337,513005525,240
6010,SOERENDONK                    ,1PWK,1,660,3.33,536,55729173,513034802,660
5856,SOERENDONK                    ,1PWK,1,1100,2.5,207,55779523,512919288,1100
5804,SOERENDONK                    ,1PWK,1,1100,3.5,183,55781698,513055625,1100
5636,SOERENDONK                    ,1PWK,1,1100,2.2,205,55739525,512968248,1100
5204,SOERENDONK                    ,1PWK,1,660,1.67,572,55787777,512991192,660
5141,SOERENDONK                    ,1PWK,1,660,2,571,55787777,512991192,660
5126,SOERENDONK                    ,1PWK,1,660,2,188,55736732,513012236,660
5114,SOERENDONK                    ,1PWK,1,240,1.33,415,55707701,512998509,240
5111,SOERENDONK                    ,1PWK,1,660,1.86,184,55775086,513020182,660
5048,SOERENDONK                    ,1PWK,1,240,1,416,55707701,512998509,240
5038,SOERENDONK                    ,1PWK,1,1100,1,376,55818231,513068658,1100
4985,SOERENDONK                    ,1PWK,1,660,3.02,570,55787777,512991192,660
4981,SOERENDONK                    ,1PWK,1,1100,4.67,377,55818231,513068658,1100
4977,SOERENDONK                    ,1PWK,1,1100,3,208,55804943,512968823,1100
4831,SOERENDONK                    ,1PWK,1,660,2.99,373,55808956,513041642,660
4801,SOERENDONK                    ,1PWK,1,1100,2.75,209,55715621,513061594,1100
4775,SOERENDONK                    ,1PWK,1,660,1.9,372,55808956,513041642,660
4773,SOERENDONK                    ,1PWK,1,660,2.25,573,55793233,513002352,660
3349,SOERENDONK                    ,1PWK,1,240,0.98,309,55734602,513023563,240
2832,SOERENDONK                    ,1PWK,1,1100,2.55,414,55707701,512998509,1100
1601,SOERENDONK                    ,1PWK,1,1100,3.86,191,55603403,512922293,1100
820,SOERENDONK                    ,1PWK,1,1100,1.67,453,55726766,513027766,1100
34909,SOMEREN                       ,1PWK,1,240,2.4,1072,56726521,513195250,240
34612,SOMEREN                       ,1PWK,1,1100,3.12,1036,57225887,513602379,1100
34486,SOMEREN                       ,1PWK,1,1100,3.12,977,57267158,513674299,1100
34424,SOMEREN                       ,1PWK,1,660,2.83,946,57320803,513631968,660
33996,SOMEREN                       ,1PWK,1,1100,3.13,991,57352532,513642479,1100
32168,SOMEREN                       ,1PWK,1,1000,3.05,941,57242980,513743425,1000
31323,SOMEREN                       ,1PWK,1,1100,5.26,1003,57349237,513583326,1100
31183,SOMEREN                       ,1PWK,1,1100,1,1049,56905711,513561298,1100
30812,SOMEREN                       ,1PWK,1,1100,4,1054,56971524,513575337,1100
30382,SOMEREN                       ,1PWK,1,1000,3,974,56937127,513813137,1000
30165,SOMEREN                       ,1PWK,1,770,1.5,988,57070533,513678728,770
30164,SOMEREN                       ,1PWK,1,770,1.2,1050,57109518,513440815,770
30157,SOMEREN                       ,1PWK,1,660,3,935,57570021,513329673,660
29647,SOMEREN                       ,1PWK,1,660,1,1027,57257785,513293978,660
29342,SOMEREN                       ,1PWK,1,1100,1,1044,56777825,513586629,1100
29175,SOMEREN                       ,1PWK,1,660,2,1041,56930882,513289704,660
29087,SOMEREN                       ,1PWK,1,1100,2,980,57284658,513664885,1100
27692,SOMEREN                       ,1PWK,1,1100,2,949,57325514,513624630,1100
27465,SOMEREN                       ,1PWK,1,1100,2.5,1025,57355428,513272337,1100
27365,SOMEREN                       ,1PWK,1,1100,1.17,996,57101417,513729509,1100
27137,SOMEREN                       ,1PWK,1,1100,3.8,967,56741912,513762062,1100
27100,SOMEREN                       ,1PWK,1,1100,1.53,1005,57328535,513559314,1100
26414,SOMEREN                       ,1PWK,1,1100,1,1030,57242557,513382360,1100
25341,SOMEREN                       ,1PWK,1,660,1,995,57259175,513765361,660
24882,SOMEREN                       ,1PWK,1,1100,6.71,984,56982105,513645018,1100
24118,SOMEREN                       ,1PWK,1,660,1.5,1032,57080543,513371903,660
23990,SOMEREN                       ,1PWK,1,1100,1.76,1023,57377768,513551504,1100
23922,SOMEREN                       ,1PWK,1,660,2.5,1084,57032356,513793886,660
23037,SOMEREN                       ,1PWK,1,1100,3,939,57186528,513785497,1100
22751,SOMEREN                       ,1PWK,1,660,1,1045,56777825,513586629,660
22483,SOMEREN                       ,1PWK,1,1100,2.4,947,57336509,513607511,1100
20328,SOMEREN                       ,1PWK,1,1100,2.5,1078,57374456,513614078,1100
18967,SOMEREN                       ,1PWK,1,1100,2,1051,57171888,513462257,1100
18835,SOMEREN                       ,1PWK,1,1100,2,1028,57250171,513338169,1100
16759,SOMEREN                       ,1PWK,1,660,2,1037,57057246,513551570,660
16093,SOMEREN                       ,1PWK,1,1100,2.14,1000,57356996,513580163,1100
15180,SOMEREN                       ,1PWK,1,770,2.82,1035,57225887,513602379,770
14930,SOMEREN                       ,1PWK,1,1100,2,1029,57245095,513367630,1100
8363,SOMEREN                       ,1PWK,1,660,16.29,1055,56768255,513526373,660
8269,SOMEREN                       ,1PWK,1,1100,2,995,57259175,513765361,1100
8131,SOMEREN                       ,1PWK,1,1100,1.15,987,57070533,513678728,1100
8033,SOMEREN                       ,1PWK,1,2500,2.25,1066,57309999,513747137,2500
7747,SOMEREN                       ,1PWK,1,1100,2.68,1091,56934840,513506895,1100
7610,SOMEREN                       ,1PWK,1,1100,2.49,1026,57257785,513293978,1100
7097,SOMEREN                       ,1PWK,1,1100,2,944,56984353,513827007,1100
6828,SOMEREN                       ,1PWK,1,770,2.82,984,56982105,513645018,770
5970,SOMEREN                       ,1PWK,1,660,2,937,57186528,513785497,660
5882,SOMEREN                       ,1PWK,1,1100,1,985,57070533,513678728,1100
5878,SOMEREN                       ,1PWK,1,1100,2,1094,56989411,513312894,1100
5473,SOMEREN                       ,1PWK,1,660,2.59,957,57359071,513561964,660
4088,SOMEREN                       ,1PWK,1,1100,1,1068,57461547,513506104,1100
3348,SOMEREN                       ,1PWK,1,660,1.67,986,57070533,513678728,660
3333,SOMEREN                       ,1PWK,1,1100,2,1067,57467258,513461394,1100
3308,SOMEREN                       ,1PWK,1,1100,2.08,1061,56974104,513591354,1100
2456,SOMEREN                       ,1PWK,1,1100,3.25,983,56982105,513645018,1100
1584,SOMEREN                       ,1PWK,1,1100,1.5,1062,57551160,513428244,1100
1522,SOMEREN                       ,1PWK,1,1100,1,992,57341489,513644811,1100
1378,SOMEREN                       ,1PWK,1,660,1.33,1007,57326840,513557668,660
1221,SOMEREN                       ,1PWK,1,660,1.5,990,57146383,513659560,660
1188,SOMEREN                       ,1PWK,1,660,1.67,1033,56935947,513313115,660
1085,SOMEREN                       ,1PWK,1,660,2.25,982,56775433,513837956,660
1069,SOMEREN                       ,1PWK,1,660,2.5,982,56775433,513837956,660
1064,SOMEREN                       ,1PWK,1,660,2.5,1056,56768255,513526373,660
1043,SOMEREN                       ,1PWK,1,660,3.27,933,57379364,513595172,660
1040,SOMEREN                       ,1PWK,1,770,2.61,1020,56983989,513514649,770
1012,SOMEREN                       ,1PWK,1,1100,1.25,988,57070533,513678728,1100
996,SOMEREN                       ,1PWK,1,1100,1.75,1053,57066368,513235225,1100
972,SOMEREN                       ,1PWK,1,660,4,1040,56930882,513289704,660
956,SOMEREN                       ,1PWK,1,660,3,993,57352532,513642479,660
930,SOMEREN                       ,1PWK,1,660,2.5,976,56863509,513762813,660
844,SOMEREN                       ,1PWK,1,1100,1,975,56943819,513817712,1100
835,SOMEREN                       ,1PWK,1,660,2,942,57242980,513743425,660
817,SOMEREN                       ,1PWK,1,660,1.67,951,57320803,513631968,660
812,SOMEREN                       ,1PWK,1,660,3,993,57352532,513642479,660
661,SOMEREN                       ,1PWK,1,1100,2,1042,56930882,513289704,1100
642,SOMEREN                       ,1PWK,1,770,2.81,1024,57352176,513585476,770
34306,SOMEREN-EIND                  ,1PWK,1,1100,3.12,1097,57383867,513535751,1100
33904,SOMEREN-EIND                  ,1PWK,1,1100,3.13,1069,57535462,513442214,1100
32694,SOMEREN-EIND                  ,1PWK,1,1100,3.13,1082,57377881,513618806,1100
26243,SOMEREN-EIND                  ,1PWK,1,660,1,1031,57254231,513314600,660
23955,SOMEREN-EIND                  ,1PWK,1,660,1.9,1013,57360184,513560344,660
20412,SOMEREN-EIND                  ,1PWK,1,770,2.82,954,57320803,513631968,770
17379,SOMEREN-EIND                  ,1PWK,1,660,1.35,1085,57297805,513678558,660
8272,SOMEREN-EIND                  ,1PWK,1,2500,2.5,1083,57379879,513621564,2500
7720,SOMEREN-EIND                  ,1PWK,1,1100,11.45,953,57334265,513611004,1100
7709,SOMEREN-EIND                  ,1PWK,1,1100,2.33,934,57379364,513595172,1100
7133,SOMEREN-EIND                  ,1PWK,1,1100,6,1086,57416289,513636136,1100
4487,SOMEREN-EIND                  ,1PWK,1,1100,2.5,952,57336509,513607511,1100
1303,SOMEREN-EIND                  ,1PWK,1,660,2.5,1052,57109518,513440815,660
1013,SOMEREN-EIND                  ,1PWK,1,1100,1.33,1098,57389864,513536923,1100
960,SOMEREN-EIND                  ,1PWK,1,1100,8.75,1011,57329947,513578761,1100
935,SOMEREN-EIND                  ,1PWK,1,1100,1.4,1096,57377870,513534580,1100
880,SOMEREN-EIND                  ,1PWK,1,660,3,1008,57317211,513548187,660
811,SOMEREN-EIND                  ,1PWK,1,240,2,1014,57323532,513538390,240
34669,SOMEREN-HEIDE                 ,1PWK,1,660,2.83,1039,57071407,513563179,660
27700,SOMEREN-HEIDE                 ,1PWK,1,1100,2.67,1017,56959347,513497087,1100
16132,SOMEREN-HEIDE                 ,1PWK,1,660,2,1021,57000244,513495992,660
4234,SOMEREN-HEIDE                 ,1PWK,1,660,2.21,1090,56953718,513459556,660
4201,SOMEREN-HEIDE                 ,1PWK,1,1100,4,1048,56777825,513586629,1100
1602,SOMEREN-HEIDE                 ,1PWK,1,660,2,1093,56966464,513542213,660
1065,SOMEREN-HEIDE                 ,1PWK,1,1100,3,1057,56851246,513513141,1100
1015,SOMEREN-HEIDE                 ,1PWK,1,1100,1.5,1058,56768255,513526373,1100
936,SOMEREN-HEIDE                 ,1PWK,1,1100,2.5,1047,56777825,513586629,1100
934,SOMEREN-HEIDE                 ,1PWK,1,1100,1,969,56741912,513762062,1100
919,SOMEREN-HEIDE                 ,1PWK,1,770,2.82,1073,56726521,513195250,770
881,SOMEREN-HEIDE                 ,1PWK,1,240,2.4,997,56692565,513607324,240
850,SOMEREN-HEIDE                 ,1PWK,1,660,2.2,966,56736812,513777906,660
839,SOMEREN-HEIDE                 ,1PWK,1,660,2,1092,56966464,513542213,660
808,SOMEREN-HEIDE                 ,1PWK,1,660,1.25,965,56736812,513777906,660
747,SOMEREN-HEIDE                 ,1PWK,1,660,3.15,1015,57316328,513547496,660
33203,STERKSEL                      ,1PWK,1,1100,3.13,36,56318164,513380138,1100
32560,STERKSEL                      ,1PWK,1,1100,3,30,56125304,513503514,1100
30872,STERKSEL                      ,1PWK,1,1100,3.87,32,56149921,513503726,1100
21179,STERKSEL                      ,1PWK,1,1100,1.67,42,56432534,513604892,1100
19473,STERKSEL                      ,1PWK,1,1100,0.97,28,56001337,513562615,1100
6129,STERKSEL                      ,1PWK,1,1100,3.67,39,56432534,513604892,1100
1774,STERKSEL                      ,1PWK,1,1100,5.1,31,56120183,513509999,1100
969,STERKSEL                      ,1PWK,1,660,1.67,41,56432534,513604892,660
909,STERKSEL                      ,1PWK,1,1100,3,40,56432534,513604892,1100
908,STERKSEL                      ,1PWK,1,1100,3,37,56381569,513544292,1100
907,STERKSEL                      ,1PWK,1,1100,5.4,38,56394985,513547304,1100
887,STERKSEL                      ,1PWK,1,240,3.42,155,56221061,513594386,240
875,STERKSEL                      ,1PWK,1,1100,5,33,56193728,513348656,1100
730,STERKSEL                      ,1PWK,1,660,3.38,29,56001337,513562615,660
317,STERKSEL                      ,1PWK,1,1100,1.7,35,56318164,513380138,1100
31025,VLIERDEN                      ,1PWK,1,1100,1.5,891,57587059,514403615,1100
26373,VLIERDEN                      ,1PWK,1,1100,1.67,839,57302267,514419445,1100
4357,VLIERDEN                      ,1PWK,1,1100,1.75,863,57513164,514421290,1100
4333,VLIERDEN                      ,1PWK,1,660,1.67,2,57180571,514423001,660
4328,VLIERDEN                      ,1PWK,1,1100,1,931,57416964,514409775,1100
1189,VLIERDEN                      ,1PWK,1,1100,1.33,922,57584735,514441587,1100
